Id,Text,IsRetweet,IsSelfMentioned,Retweets#,Favorites#,Hashtags#,Medias#,Mentions#,SenderId,SenderAccountYears,SenderFavorites#,SenderFollowings#,SenderFollowers#,SenderStatues#,SenderLocation,IsCyberbullying
1.1627e+18,şu pavyon sahibi tipinizle çekilin önümden,False,False,0,0,0,0,0,9.01887e+17,2,22691,154,556,10414,mersin,True
1.15968e+18,beklemeyi bıraktığında gelir diyen murphy kanununu amınakoyim bunu öğrendiğimden beri aklımdan çıkmıyo ve sürekli istemsizce beklemeye başlıyorum murphy ananınamk,False,False,0,0,0,0,0,1.10369e+18,0,12,20,13,63,adana,True
1.13122e+18,maddi manevi ruhsal sinirsel her anlamda çökük durumdayım,False,False,11,76,0,0,0,8.85913e+17,2,18064,1088,2122,583,istanbul,False
1.15894e+18,her sabah 6da birisinin alarmı çalıyor hangi evden geldiğini anlamıyorum ama o alarmı bu kadar mesafeden ben duyuyorum o yavşak uyanıp da kapatamıyor,False,False,0,0,0,0,0,1960445995.0,6,368,116,2109,608,kocaelikırklareli,True
1.15868e+18,olm ne üniversitesi ne sınavı ya delirdiniz mi 21 ağustosta gidiyosunuz macfite başvuruyosunuz tamamdır aq,False,False,17,580,0,0,0,1465612656.0,6,9361,116,35334,29805,istanbul,False
1.16266e+18,kur an kıssaları temsili diyerek küfre giren ve mısır da hakkında küfr le ilgi yargı kararı olan mürted ebu zeyd i ist müftüsü maşalı tdv islam ansiklopedisinde övüyor sünni müslümanlara islamcı ehli sünnet e gelenekçi islam diyen mezhepsiz reformist ahmak,False,False,0,0,0,0,0,2645189556.0,5,3610,889,2485,36727,türkiye,True
1.16094e+18,hizmette sınır tanımıyorum bu bayram da getir götür getir götür,False,False,0,0,0,0,0,1.06081e+18,1,3625,175,185,398,salihli,False
1.15725e+18,demirköprü mahalle muhtarı seçilen hüseyin şahan ı ziyarette bulunarak hayırlı olsun dileklerimizi ilettik ve mahallemizin sorunları hakkında istişarelerde bulunduk,False,False,19,58,0,4,2,1260104658.0,6,6387,456,6249,3047,antakyahatay,False
1.16306e+18,pubg ne abaza dolusun kardeşim,False,False,0,0,0,0,0,1829937656.0,6,14324,735,1217,11119,samsun,True
1.15863e+18,toplumca ense yapmayi her firsatta 12 taksitle odenen tatillere cikmayi uretmekten ziyade salla basi al maasi halini eforsuz para kazanmayi kisa yoldan kose donmeyi zengin birilerine yancilik yapmayi gucluye yalaka seviyoruz durust olalim o sebeple 1 arpa boyu yol alamiyoruz,False,False,0,0,0,0,0,1.09034e+18,0,41846,494,1078,15292,türkiye,True
1.16274e+18,oglum sen ne ayaksin lan ist su altinda biraz cakis amk gotunu kaldirda bi gel baj kente olu var zarar var hadi hadi hadi,False,False,0,0,0,0,1,360645629.0,8,1640,195,104,6803,istanbul,True
1.11873e+18,bu şehrin sessizliği kulağımı tırmalıyor,False,False,13,285,0,0,0,9.91178e+17,1,2533,674,714,713,kocaeli,False
1.16083e+18,bazen aşk istiyorum bazen yalnızlık iyidir diyorum bazen yalnızlıktan ölüyorum bazen kimseye tahammül edemiyorum ne bok yediğimi bilmiyorum,False,False,22,269,0,0,0,561233755.0,7,59209,10077,14316,28271,gebze,False
1.16026e+18,eşcinsel gördüm ablasına aşık olanı gördüm öğrenciye aşık olan gördüm ama bana aşık olanı göremedim amk,False,False,24,256,0,0,0,561233755.0,7,59209,10077,14316,28271,gebze,False
1.15843e+18,hahaha vah inişteye,False,False,0,0,0,0,2,9.79998e+17,1,135319,5232,11096,53234,izmir,False
1.15769e+18,bir çiçekle güler kadın bir küçük lafla hüzün,False,False,0,10,0,1,0,1.13461e+18,0,689,57,111,78,kahramanmaraş,False
1.20707e+18,şükredin ki vicdanım var da çoğu şeye engel oluyor yoksa hayatınızı domal orospu çocukları,False,False,0,2,0,0,0,1.20703e+18,0,3,36,15,28,istanbul,True
1.15843e+18,ft ne demek adım fatma ya kendimce kisalttim aşırı zekice,False,False,0,0,0,0,0,1.03111e+18,1,3387,107,81,2745,besiktas,False
1.32155e+17,besiktasli olmak bam baska seviyom seni besiktas,False,False,268,108,0,0,0,278482682.0,8,4,9,35237,51,istanbul,False
1.16089e+18,intifa hakki gozlerini acmak masalsi bitkisel hidro karşıyaka eskort bayan çıtır izmir manisa sex te sınır tanımıyor cuvallamasinisaglamak denklem magribi beslenen,False,False,3,3,1,1,0,1.16028e+18,0,0,12,0,1,sivas,True
1.15865e+18,25 liraya 10 gün mü oha iyiymis aqq hadi gidek alak,False,False,0,0,0,0,2,7.1173e+17,3,595,66,92,221,adana,False
1.10866e+18,antakya esat ağa iş hanında ayakkabıcı esnafımız ile bir araya geldik projelerimizden bahsettik hatay ımızı hakettiği gönülbelediyeciliği hizmetleriyle buluşturmak için birlik beraberlik kardeşlik parolasıyla yola devam ediyoruz memleketişigönülişi,False,False,65,134,2,4,0,1148197230.0,6,7460,324,10078,4765,hatay,False
1.20727e+18,aq ibne sen isminle ne kadar alakasız bir hesapsin seni borsaci diye takip etmiştim lan ben,False,False,0,0,0,0,1,9.6436e+17,1,294,181,4,66,,True
1.16252e+18,muecahidincenazesiniverin mücahidincenazesiniverin bu kadarda aşağılık olmayın,False,False,0,0,2,0,0,1.02572e+18,1,2361,307,76,2778,türkiye,True
1.20724e+18,kucağımda yarağımı yerkende kıvıracak şimdikinden tek farkı yarağımı yedikçe aldığı zevkten dolayı inlemeleri olacak,False,False,0,1,0,0,1,1.16232e+18,0,5947,1233,182,3431,,True
1.15897e+18,atatürk olmasaydı hepinizin anasını yunan inletecekti ama paşam ananızı kendisi inletmiş anlaşılan gavat s400 ü kendin mi üretin böyle konuşuyon mal belki çalışmayacak savaş zamanı nee biliyon adam bi bilgisayar ile kontrol ediyor belki biliyormusun ne salak,False,False,0,0,0,1,1,1.08518e+18,0,296,589,290,529,ankara,True
1.1584e+18,yap işlet devret aracılığıyla,False,False,0,0,0,0,1,7.8685e+17,3,963,2261,2285,2705,türkiye,False
1.20725e+18,hard sexci ibine alttamısın üsttemisin lan gevat,False,False,0,0,0,0,1,1.02027e+18,1,6029,896,60,956,tarsus,True
1.14364e+18,belkide yanlış kişilerle yanlış zamandayız bu yüzden bu üzülmeler,False,False,35,976,0,0,0,1.14306e+18,0,30574,3604,4024,416,türkiye,False
1.15883e+18,hem doğa katilleri hem yüzsüzler chp li muğla bb fethiye körfezine atık su tesislerinin kapasitesini 50 aşıp lağımın denize göz göre göre boşalmasına birde pişkince bunun sebebinin belediyenin değil tarım yapan çiftçi olduğunu söylüyor pes,False,False,0,0,0,1,0,1589788860.0,6,118621,29867,33551,57673,türkiye,True
1.16246e+18,senin laz burnuna tükürüyüm amk bunağı ya akıllanmayacak mısın sen he valverdeout,False,False,0,0,1,0,1,2336658877.0,5,10433,216,234,2401,türkiye,True
1.15898e+18,sus lan yalaka almanyanın etinden sütünden herseyinden yararlan yarandığın iktidar dan nemalan gel türkiye ye konuş yok öyle yağma hasanın böreği buraya gelicen 2020 lira maaşla geçin ondan sonra konuşucan öyle jaguara binip slogan milliyetçiliğe karnı tok bu milletin,False,False,0,0,0,0,1,514696582.0,7,35158,1365,1338,8141,türkiye,True
1.16031e+18,bayramda küslük olmaz diye yapılan kahpe unutmayın,False,False,162,1337,0,0,0,7.39574e+17,3,1492,37314,46972,923,sakarya,False
1.14576e+18,tarihi süreçte trenlerin evrimini anlatan bir video,False,False,85,320,0,1,1,423805915.0,8,27209,955,75497,37910,ankara,False
1.15519e+18,büyük şeyler başaramadım ama sevdiğim herkesi çok sevdim bence bu benim hayattaki en güzel başarım,False,False,0,12,0,0,0,1.01088e+18,1,19105,538,817,643,adana,False
9.64853e+17,ee canınızdan çok sevdiniz sonra ne oldu,False,False,4,178,0,0,0,9.00303e+17,2,5057,832,1032,3172,ordu,False
1.15467e+18,dünya işlerinde öndekilere bakıp imrenen ahiret işlerinde geridekilere bakıp tembellik edenler dünya işlerinde geridekilere bakıp şükretmek ahiret işlerinde öndekilere bakıp gayret etmek gerekmez mi,False,False,150,1427,0,0,0,294282936.0,8,245,24,225564,7981,istanbul,False
1.16078e+18,bu tagı açan açtıran vesile olan hekesin aq şerefsiz kopekler kurbankatliamdır,False,False,0,0,0,0,0,1.13511e+18,0,6,9,4,130,ankara,True
1.1566e+18,1416ylsy mağdurlarının sorunları 2011 ve 2014 dekine benzer bir yasa ile kısa sürede çözülebilir buyuklerimizden yardım istiyoruz,False,False,10,7,1,1,10,233126605.0,8,26683,1139,212,16969,antalya,False
1.16051e+18,hiçbirinizi kendime rakip görmüyorum çünkü siz kimsiniz ki orospu evlatları,False,False,0,2,0,0,0,1239933636.0,6,3761,15191,14216,1866,sivas,True
1.16202e+18,acil kan ihtiyaci mehmet akif ersoy hastanesi nde tedavi gören hastamız için acil 0 rh kan ihtiyacı vardır araç sorunu yok yakınları kan verecek kişiyi hastaneye götürebilir iletişim 0538 576 25 99,False,False,53,93,0,0,0,97316295.0,10,3846,21,2975193,34427,beşiktaş,False
1.11095e+18,ilk kitabım türk çe sevmek tüm kitapçılarda türk çe sevmek elbette farklıdır türk ün sevmesi tarih olur destan olur şiir olur öykü olur roman olur,False,False,456,4367,0,1,0,415640429.0,8,52338,735579,1164978,15875,ankara,False
1.15486e+18,susuyorsam bir bildiğimden sevdiğimden gördüğümden,False,False,379,5600,0,0,0,1.115e+18,0,93,0,56484,1365,yalova,False
1.15838e+18,tcmb döviz karşılığı tl swap işlemlerinin geleneksel ihale yöntemiyle 1 3 ve 6 ay vadeli olarak da gerzek karar verildi,False,False,3,0,0,0,0,183152161.0,9,4,331,187602,74328,türkiye,False
1.16193e+18,3 bunu anlama şekli ise yap gör olarak yaşadığımız maddesel dünyada 3 boyut egosal tavır ya da maneviyatımıza uygun şekilde yaptıklarımızın bize duygusal dünyamızda ne hissettirdiği ile alakalıdır bunu ayırt edebilmek de adım adım bizi hakikate götünü,False,False,0,0,0,0,1,95494692.0,10,3787,967,3618,23007,turkey,False
1.15838e+18,şu sigara içenler nargile içse açlıktan ölecek galiba bu ne tantana,False,False,0,3,0,0,0,8.83804e+17,2,4398,368,689,2002,adana,False
1.15952e+18,kendi kendime bi şeylere sinirlenip delirme huyuma aşırı uyuz oluyorum aq nasıl ruh hastası bir özellik bu ya,False,False,0,1,0,0,0,1.06132e+18,1,14591,717,1044,2529,hatay,False
1.1594e+18,ne zaman böyle bir twit atsam sürekli max ayrıldı ki sevgilisinden vs yazıyorsunuz benim türkçeye çevirmediğim çok olay var kaynak götünü olduğu sürece elbette kendi istediğinize inanırsınız çoğu thai oyuncuyu yakından takip ediyorum ama çoğu şeyi buraya dökmüyorum,False,False,0,0,0,1,0,2902626873.0,5,14347,110,443,16915,türkiye,True
1.16027e+18,24 yaşındaki genç trenin camından dışarı bakıp heyecanla baba bak ağaçlar geriye gidiyor bak bulutlar üzerimize geliyor diye coşuyordu yandaki yolcu babasına sanırım onu iyi bir doktora götürmelisiniz babası biz de doktordan geliyoruz oğlum kördü ve ilk defa görüyor,False,False,16,97,0,0,0,423805915.0,8,27209,955,75497,37910,ankara,False
1.15805e+18,ülkü ocakları yaşatılmalı çünkü ülkü ocakları hepimizin yetiştiği kutsal bir ocaktır bahçelininevlatları ülküocakları,False,False,104,583,0,1,0,539006164.0,7,5108,73,92434,17364,ankara,False
1.16277e+18,aktroller yalaka isim gizleyerek sahada yine sen ve,False,False,0,0,0,0,2,7.67075e+17,3,4289,1217,380,6245,türkiye,True
1.15705e+18,ne sıradan bir sevgiyi yaşayacak kadar basit biriyim ne de seni sıradan bir sevgiye malzeme yapacak kadar herhangi biri,False,False,1,62,0,0,0,1.1399e+18,0,24914,1450,1702,46,konya,False
1.03813e+18,çok kişinin bu kuralı iyi bildiğine emin değilim bu kural 14 yabancı kuralı değil bu kural 14 türk kuralı 14 türk almak zorundasınız ama 14 yabancı almak zorunda değilsiniz,False,False,860,5712,0,0,1,23186079.0,10,67,71,8631496,72643,istanbul,False
1.15821e+18,1 ibrahim b edhem der ki kalplerimiz üç perde ile perdelenmiştir bu perdeler kalbin önünden kalkmadıkça kul için yakîn keşfolunmaz 1 var olan servetle sevinmek 2 yok olduğundan dolayı üzülmek 3 övülmeye sevinmek bu bakımdan mevcuda sevindiğin,False,False,2,1,0,0,0,8.44875e+17,2,909,4767,7467,5010,istanbul,False
1.16024e+18,ne salak tivitler bunlar ya,False,False,0,0,0,0,0,1.13017e+18,0,1764,87,68,212,manisa,True
1.16124e+18,keko ya gahshdjdfj,False,False,0,0,0,0,1,132653163.0,9,18190,135,1929,38619,istanbul,True
1.1631e+18,sana nereden geliyor bu hadsizlik senli benli al evine götür çözüm o,False,False,0,0,0,0,1,162769970.0,9,3833,431,1410,12272,ankaratürkiye,True
1.16228e+18,en illet akraba çirkef kuzendir,False,False,0,0,0,0,0,1.09749e+18,0,186,25,27,86,ordu,True
1.15839e+18,anlatacak çok şey var ama değişecek bişey yok,False,False,3,85,0,0,0,1.13953e+18,0,16740,5014,4873,212,mersin,False
1.15843e+18,cümlemizden,False,False,0,0,0,0,2,1024093536.0,6,42095,876,4866,7654,bursa,False
1.16233e+18,güzele güzel çirkine çirkin ve kötü demekle sorumluyuz ibne de ibne denir kuran açıktır allah ım zalimlerden kötülerden hakkımızı al diye de beddua ederiz ağırına giden böylesi bir pislik yoldan geri durur kendini korur,False,False,0,0,0,0,3,117826718.0,9,16477,585,584,9250,ankara,True
1.15937e+18,ota boka gülüyorum ama içerde durumlar çok karışık,False,False,10,72,0,0,0,1.05209e+18,1,3136,245,387,14,mersin,False
7.48653e+17,oy beni vurun,False,False,338,1185,0,1,0,1137658464.0,6,13525,759,37897,11893,ankara,False
1.09597e+18,ne gelen var ne giden yollar çimen bağladı bir sevdadır karadeniz,False,False,9,43,1,1,0,60611223.0,10,14622,1155,2132,10040,istanbul,False
1.15848e+18,arkadaşlar bana salak salak tivit atıyon dicenize takipten çıkın,False,False,0,0,0,0,0,2729394162.0,5,6928,144,347,11076,bursa,True
1.1587e+18,ya bende merak ediyorum siz bu yalaka ne kadar para kazanıyorsunuz,False,False,0,0,0,0,1,341124249.0,8,132,340,81,273,hatay,True
1.15927e+18,herkes ayrı bi dünya amk,False,False,0,0,0,0,0,1.15225e+18,0,539,39,40,85,kayseri,True
1.12441e+18,her zaman söylediğim gibi sen kirinle pasınla güzelsin saklanmadığın için güzelsin süslenmediğin için güzelsin cemil meriç,False,False,64,984,0,0,0,1672929152.0,6,491,6345,5767,453,türkiye,False
1.1588e+18,ya senin ben doğuranını sikerim senin götünü kaldıran kamillerin de götünü sikerim,False,False,0,0,0,0,0,7.53549e+17,3,17342,641,828,11043,istanbul,True
1.15529e+18,senden hoşt aa şansa bak,False,False,7,7,0,0,0,466543149.0,7,9669,1138,1359,5407,avcılar,False
1.09032e+18,gerzek niteliği ne olursa olsun belirsizlik kadar korkunç değildir,False,False,3,51,0,0,0,1.02206e+18,1,28892,308,1153,956,turkey,False
1.16053e+18,çok güzel lanet çocuk aynı anası,False,False,0,0,0,0,2,1.13772e+18,0,371,24,8,335,türkiye,True
4.92309e+17,beşiktaş pedro franco forması sipariş eden taraftara falcao forması gönderdi,False,False,12,4,0,1,0,117730774.0,9,0,1,16174,42546,istanbul,False
1.20702e+18,cimi durmazı galatasaray a getiren orospu evladı dır kesin ve net,False,False,0,0,0,0,0,350250551.0,8,56,1020,1192,493,şereftir,True
1.16097e+18,espirinize sokuyum yobaz,False,False,0,0,0,0,1,2408929852.0,5,10141,487,78,440,turkey,True
1.14605e+18,insanlar başaklara benzer içleri boşken başları havadadır doldukça eğilirler,False,False,1,2,0,0,0,1.14579e+18,0,472,69,78,142,türkiye,False
1.15939e+18,hanife çiftçi hamile olarak cezaevine girdi hastalandı doktor ilaç verip tekrar cezaevine gönderdi daha sonra bebeğini düşürdü cezaevi koşullarında enfeksiyon riski olduğu halde yine koğuşuna götünü bebeğini öldürdünüz sıra annesinde mi,False,False,222,160,0,1,0,2844434909.0,5,3265,79,127926,10997,türkiye,False
1.15078e+18,haftalık olağan il yönetim kurulu toplantımızı il başkanlığımızda gerzek,False,False,3,51,0,4,0,1140511015.0,6,10036,880,13567,7631,bursa,False
1.1615e+18,bengi su deniz hayat hayat 0542 234 9438 ifşa dul çıtır porno çıtır masaj liseli eskort eskort hatay derince antakya reyhanlı daha defne kırıkhan çıtır dörtyol samandağ çıtır iskenderun dörtyol çıtır kırıkhan defne nizip 72,False,False,0,0,0,1,0,1.15571e+18,0,0,12,7,6,kocaeli,True
1.1624e+18,özlemedik amkccugu,False,False,0,0,0,0,2,2913732673.0,5,32569,232,452,2608,antalya,False
1.15905e+18,siktir amk beyinsizi mizah öğren yallah,False,False,0,0,0,0,3,8.97221e+17,2,8816,193,245,639,malatya,True
1.15429e+18,bu videodaki prenses eylül erol 9yaşında doğuştan cam kemik hastası ve öğretmeni ile birlikte tedavi ve ameliyat masraflarını karşılamak için bu kitabı yazmışlar eylül ün iyi olmasını istemez misin o zaman bu tweeti elden ele ulaştırıp herkese duyuralım yeterki eylül iyi olsun,False,False,174,195,0,1,0,316001489.0,8,8847,4322,5358,18844,giresun,False
1.15954e+18,muhabir daha güzel aq,False,False,0,0,0,1,0,9.40849e+17,2,87788,200,1540,8720,alexandretta,True
1.16257e+18,sen once twitter kullanmayi ogren aq,False,False,0,0,0,0,0,4496245492.0,4,12025,116,420,2187,istanbul,True
1.16065e+18,dostoyevski budala kitabında diyor ki senden kaçtı çünkü seni ne kadar çok sevdiğininin farkına vardı senin yanında olmaya gücü yetmedi yani böyledir insanoğlu korkar,False,False,62,456,0,0,0,3028089857.0,4,915,91,95189,11763,ankara,False
1.1601e+18,az önce bi ayakkabı beğendim ama sadece 45 numarası kalmış ayağıma büyük geliyodu yine de aldım çünkü ben birini gerzek sevdiğimde yaşı boyu kilosu sadece boktan birer sayıdır,False,False,0,0,0,0,0,4594856292.0,4,14190,22554,22099,317,kayseri,False
1.15839e+18,yaktığını bile bile yapsaydım canı yandığı yetmezmiş gibi bir de günaha girerdim ama ben bilmeyerek yaptığım için allah verir hayvana bir kolaylığını ben de günaha indirimli girerim diye düşünüyorum çok şükür bundan da yırttık kebap be,False,False,0,0,0,0,1,1.09756e+18,0,28146,575,13495,127,,False
1.15736e+18,önce allah a sonra şiirlerimdeki satırlarıma emanetsin,False,False,24,446,0,0,0,1.10338e+18,0,8734,3268,1313,1463,gaziantep,False
1.15974e+18,o robot kadar beynin yok aq,False,False,0,0,0,0,2,1.0464e+18,1,3834,558,600,1614,bursa,True
1.15952e+18,sendika olarak bizler için hayati önemi olan bu konuda göstermiş olduğunuz gayret ve mesai için teşekkür ediyoruz inşallah kısa sürede sonuçlanır kurumiciimdalimi kurumiciimdalimievet,False,False,16,18,2,0,5,1493361396.0,6,1285,90,51,1065,antalya,False
1.16079e+18,izlediğiniz zaman asla pişman etmeyecek 10 tavsiye belgesel film 1 particle fever 2 bixa travesti 3 dengbej 4 kedi 5 i m in love with pippa bacca 6 my gay syrıa 7 afghanistanbul 8 ayak izi 9 dom 10 the cove sizin tavsiye edeceğiniz tek belgesel film hangisi olurdu,False,False,177,1555,0,3,0,210173829.0,9,10698,7260,13235,25115,türkiye,False
1.2072e+18,sen 100 liraya çok şeyini vermişin ki herkesi öyle sanıyorsun at kafası şimdi siktir git evladınla ilgilen leş ağzını siktir bize,False,False,0,0,0,0,1,1332316526.0,6,2364,133,40,1971,,True
1.16231e+18,zihniyetinin aq,False,False,0,0,0,0,1,8.59149e+17,2,10750,2087,2096,3491,konya,True
1.1593e+18,neşet ertaş elini kalbine götürdü burası varya dedi taşa toprağa gerzek kalmadan insanın gömüldüğü tek yer,False,False,0,0,0,0,0,1.06965e+18,1,246,18,48,362,,False
1.2073e+18,sakalını sktiğimin moron milleti korkutmak için emniyeti mentliyen bebe siz avrupadan gelen fonları cebe atacaksınız diye bu ülke vatandaşları her gün intihar ediyor sen adres ver ben senin ziyaretine gelirim,False,False,0,0,0,0,1,1.16355e+18,0,22452,836,804,2460,intikam,True
1.15909e+18,abi koç burçları bi gidin ya eğitilmezsiniz aq ben böyleyim öyle bok gibisin siktir git işte,False,False,0,0,0,0,0,592694374.0,7,669,195,98,644,ankara,True
1.15512e+18,sen benim çiçeğimin toprağı değilmişsin diyelim ve konuyu kapatalım lütfen,False,False,1,4,0,0,0,9.42432e+17,2,14359,378,426,817,ankara,False
1.1584e+18,oran kalkınma ajansı yozgat il özel idaresi ve belediyemizin destekleriyle ilimize hayvan hastanesi ve hayvan borsası kuruluyor valimiz sayın kadir çakır ile birlikte çalatlı köyü yakınlarında hayvan hastanesi ve hayvan borsasının kurulacağı alanda incelemelerde bulunduk,False,False,12,53,0,1,0,3376373836.0,4,118,91,2017,622,yozgat,False
1.155e+18,ya sen kedisin n apıyosun,False,False,5085,42089,0,1,0,157813728.0,9,3985,20762,38985,15148,türkiye,False
1.16024e+18,sebahattin ödesene borcunu piç,False,False,0,0,0,0,0,8.10933e+17,2,18529,3364,1574,2041,bursa,True
1.15836e+18,chp fethiye ilçe başkanımız ali özgür kullukçu ile birlikte kayaköy kahvemizde tarihi çınar ağacının gölgesinde hemşerilerimizle buluştuk sohbetlerine ortak olduk fethiye kayaköy,False,False,2,12,2,1,0,1045628150.0,6,2822,713,5675,1666,tbmm,False
1.20726e+18,siktir gs lobisinin sikimtırak sözcüsü akpside chpside batsın hepsi aynı,False,False,0,0,0,0,2,1.1624e+18,0,2260,145,8,300,,True
1.16066e+18,kızların aşık olma oranları yakısıklı ve romantik erkeklere 40 zengin ve komik erkeklere 50 it kopuk sersem belalı işe yaramaz anasının avutamadığı babasının büyütemediği erkeklere 100,False,False,57,1140,0,0,0,7.85049e+17,3,509636,15300,50277,7919,konya,False
1.20727e+18,yanımda utanmadan orospu mesajlaşırken gelip gizlice hesabımı karıştırma hakkını nerede buluyorsun kendinde amcık herif,False,False,0,4,0,0,0,4794604032.0,3,31261,328,250,12576,tekirdağ,True
1.15977e+18,hayırlı cumalar diliyorum fk group emlax inşaat ve gayrimenkul,False,False,0,0,0,0,0,142210840.0,9,1123,2207,916,2026,türkiyeistanbulikitelli,False
1.15811e+18,ben de biliyorum yoluma bakmayı ama yüzün daha güzel,False,False,270,3331,0,0,0,3029031811.0,4,43524,863,55931,4594,aydın,False
1.20658e+18,milletle hep dalga gec bakalim amcigim var diye  yarak kafali,False,False,0,2,0,0,1,1.15046e+18,0,11396,175,226,2346,niğde,True
9.24532e+17,pazar akşamı bize eşlik etmek isteyen dostlar dan dm bekliyoruz,False,False,23,229,0,1,0,8.75712e+17,2,563,1096,6057,191,manavgat,False
1.15874e+18,pişman olup tevbe etmeden geber ins,False,False,0,0,0,0,1,9.37372e+17,2,13400,710,516,7415,ankara,True
1.16201e+18,bakın bu video katlettiği köpekleri götünü takipte çekilmiş,False,False,13,33,0,1,0,365172101.0,8,6351,58,100832,13229,istanbul,False
1.16281e+18,narinlik isteyen yallah masa tenisine su topuna aq,False,False,0,0,0,0,0,9.23688e+17,2,19344,37,899,1619,ankara,True
1.16274e+18,çağımızın en büyük sorunu akıllılar hep kuşku içindeyken aptal küstahça kendinden emindir bertrand russel,False,False,22,97,0,0,0,8.33072e+17,2,28505,4120,4051,1147,ankara,False
1.15829e+18,eskişehir osman gazi üniversitesi ümran özkanlı için opozitif trombosit iletişim 0546 900 90 26 göksel 5 8 2019 11 25,False,False,111,33,2,0,0,246280171.0,8,379,108,24017,39960,türkiye,False
1.20728e+18,kahpe tarzlı lavuk sahile geldik bu havada şort giymiş ızdırabını siktir iş hayatı nası insanlarla muhatap ediyor açıcam bi tekel oturucam amk,False,False,0,0,0,0,0,1.10266e+18,0,3705,177,189,1463,mersin,True
1.15767e+18,senin hayat çağının henüz baharı yazı benim ömür bahçeme kar düştü kar çiçeğim cemal safi,False,False,5,44,0,1,0,1.03805e+18,1,164033,6073,6376,4863,türkiye,False
1.1595e+18,telefonda boşalmak istiyorsan 7 24 beni ara aşkım saatlerce sex sohbetim hoşuna gidecek boşaltacağım seni 00237 800 9278 00237 811 216,False,False,0,0,0,1,0,2243565433.0,6,0,10,0,9,antalya,True
1.16276e+18,defol jangne bu takimi rahat birak serefsiz burasi arpalik degil,False,False,0,0,0,0,1,1.1061e+18,0,7,3,0,1,bursa,True
1.15828e+18,seven sevdiğine çay demlesin 5ağustosdünyaçaygünü,False,False,66,365,1,0,0,9.33361e+17,2,251197,33236,34075,2610,türkiye,False
1.15867e+18,sadece kendini akıllı sanan zavallı orospu çocukları sizi,False,False,0,0,0,0,0,2234588342.0,6,11713,218,555,3463,dardayım,True
1.20705e+18,tuzlasın lar tuzlasın lar yesinler artık bu gőtte emek yediği takıma ihanet edecek kadar şerefsizmiş buna siktir çektiler diye kendine yediremiyo ve iftira atıyor dikkat et imparator seni tuza sokmasın nonoş,False,False,0,0,0,0,1,870548617.0,7,15002,536,249,3282,türkiye,True
1.20727e+18,ee reis ziraat bankası nın simit sarayını almasını tasvip etmiyorum dedi buna ne diyeceksin sayın dalyarak reis mi yalan söylüyor sen mi,False,False,0,0,0,0,1,163451589.0,9,30313,1793,628,27097,mecca,True
1.15839e+18,türkçe altyazili idol producer 7 bölüm 7 bölümün çevirisi sizlerle keyifli seyirler izleme linki indirme linki idol producer çeviri ekibi,False,False,5,16,0,1,0,9.52239e+17,1,150,34,1478,1836,turkey,False
1.20722e+18,ilk defa kendimi tutamıyorum ulan ibine kendin travesti ile evlendin oğlan kılıklı,False,False,0,0,0,0,1,425005311.0,8,3300,936,94,1149,istanbul,True
1.1584e+18,aşırı kültürden ölüyorum,False,False,0,0,0,0,0,7.25581e+17,3,676,162,99,388,turkey,False
1.16008e+18,başka kerpeten yokmu aptal gibi çekip burakıyorlar,False,False,0,0,0,0,1,7.55738e+17,3,3331,172,126,3656,hatay,True
1.16313e+18,allah beni kartal yarataydı da ananın  amına süzüleydim orospu evladı seni,False,False,2,13,0,0,0,2451139987.0,5,32726,375,385,3553,kocaeli,True
1.15703e+18,elbet bir gün buluşacağız 60binöğretmenataması,False,False,285,600,1,1,0,3091429621.0,4,6701,285,412,1764,kocaeli,False
1.08806e+18,odama biri girdiğinde yapmak istediğim,False,False,137,726,0,1,0,1031516875.0,6,136,157,409890,1595,türkiye,False
1.15832e+18,ben o defteri kapattıktan sonra kitaplığı komple ateşe verenlerdenim,False,False,15,573,0,0,0,1.06784e+18,1,92534,6269,7283,1966,türkiye,False
1.16214e+18,valeye vale de maçaya maça ama bir fahişe hep hanımefendi de hayatları yeteri kadar zor zaten ayrıca kibar olmaktan kimseye zarar gelmez patrick rothfuss,False,False,5,45,0,0,0,1680520879.0,6,1232,114,3387,2122,ankara,False
1.16015e+18,adımıda tadımı da unutamazsın gaziantep travesti ayşegül gazianteptravestileri 0539 433 18 04 aşk tutku ve seksin ortak karışımı sevgili tadında birliktelik için hemen ara,False,False,0,0,1,4,0,1.14378e+18,0,157,0,113,302,gaziantep,True
1.20707e+18,sana sie sokuk belkide zamanında volkana demirelede en cok algıyı yapanlardansın amk karakterine soktugum seni birde utanmadan gülmüş eşek,False,False,0,0,0,0,1,8.92744e+17,2,393,51,19,2062,,True
1.16143e+18,soytarı tipinden belli,False,False,0,0,0,0,1,409801440.0,8,2114,2361,704,2607,eskişehir,True
1.207e+18,hadi sen orospu anladık hatta orospu şuan hakaret ediyorum bununda farkındayım ama yorum yapanlara ne demeli bir tanesibde çıkıp linçlememiş hepsi gülmüş bi deprem şart masum insanlar hariç en azından ülke temizlenir azda olsa,False,False,0,2,0,0,0,8.43828e+17,2,1977,127,2218,884,çengelköy,True
1.16128e+18,dünyasolaklargünü salak lar günü yokmu,False,False,0,0,1,0,0,8.88843e+17,2,87,43,5,630,antalya,True
1.15816e+18,güneşimi al benden ama ay işığımı bana bırak,False,False,2,60,0,0,0,9.71776e+17,1,89116,4145,4076,965,kocaeli,False
1.15965e+18,siktir git,False,False,0,0,0,0,1,1.13198e+18,0,5574,1837,1600,285,eskişehir,True
1.15839e+18,34094 müstemlekeleştirmek etkileniş süngersi süsengiller bornovaẽſcǫrţ bucaẽſcǫrţ terbiyesizleşme,False,False,1,1,2,2,0,1.15821e+18,0,4,4,0,17,denizli,True
1.15839e+18,fotoğraftan sonra hayatta kalanlar soyluşövalye çağlarertuğrul,False,False,36,5,0,0,1,1.15771e+18,0,1,124,67,1522,turkey,False
1.15842e+18,ümid gurbanov un twitter da 60 binden fazla takipçisi var bu tweeti 2bin rt almış ama hala aylık toplam 14 dolardan 8 patreonu var gözüküyor yazıktır günahtır yahu sadece 8 kişi mi yani,False,False,30,90,0,0,0,168832037.0,9,6608,1033,5412,21936,turkey,False
1.15911e+18,biz bunu görmek zorundamıyız amk,False,False,0,0,0,0,1,1.15088e+18,0,1139,141,145,83,kuşadası,True
1.15876e+18,boş yapma aq kendini o adamın yerine koy empati yap empati,False,False,0,0,0,0,3,8.31195e+17,2,5405,968,496,2590,türkiye,True
1.1584e+18,amk kaz dağlarındaki katliamı la bu ne alakası var amk siz be kuşanıyorsunuz amk trol olmanın edebi hatası şeref i yokmu orospu çocukları,False,False,0,0,0,0,1,2401144610.0,5,1204,35,72,4461,,True
1.16241e+18,su yolunu bulur ben orospu çocuğunu,False,False,2,14,0,0,0,1.13076e+18,0,768,72,78,212,aydın,True
1.16237e+18,ödemem elden gülüm 055 068 05 56 0553 553 66 31 şuan müsaitim canım ara hemenilişkinin tadı burdakaçırmanı istemem izmir eskort izmir buca bornova karabağlar karşıyaka konak sex ifşa porno masaj eskort eskort mutluson,False,False,1,1,1,1,0,1.15503e+18,0,27,12,134,50,nevşehir,True
1.15874e+18,optimum ne lanet bir yersinn,False,False,0,0,0,0,0,7.84297e+17,3,7349,214,450,1267,adana,False
9.9925e+17,dolar bey bi sakin olun oturun lütfen 4 83 ne demek çok kabasınız,False,False,85,4465,0,0,0,4604138494.0,3,357,149,640701,1916,antalya,False
1.15837e+18,mutlu edemiyorsan uzak dur hem insanı yıpratıp üzüp hem de hayatından bir türlü çıkmamak gördüğüm en bencil tavır,False,False,2,16,0,0,0,793787216.0,7,49844,1466,2149,2220,ankara,False
1.1629e+18,bu bacakları evirip çevirip götüme sokarım geliyo her otobüs yolculuğunda,False,False,0,0,0,0,0,9.54072e+17,1,5564,276,6020,8496,ankara,True
1.16029e+18,2 ançak ekibimizin insan üstü gayreti ile 24 saat çalışma esası ile hamdolsun bütün arızaları ve sorunlar giderdik 95 oranında şehrimizin her noktasına su verilmeye başlandı 5 ilk bölüm için bir kaç saat içerisinde sularımız verilmiş olacak,False,False,13,147,0,2,0,2846476749.0,5,10295,252,29674,8319,nevşehir,False
1.16199e+18,vip ödemeler elden ara kendi yerimde veya sizin yerinizde görüşüyoruz 0532 738 38 84 0538 427 07 34 öğrenci eskort bayan masöz dul masaj seks kızlar uşak merkez eskort sex liseli izle liseli genç kızlar,False,False,1,1,1,1,0,1.12853e+18,0,2,17,7,10,uşak,True
1.1504e+18,şehrinize okumaya gelecek yeni öğrenci arkadaşlara tavsiyeniz nedir,False,False,29,940,0,0,0,9.44908e+17,1,64107,14946,15886,6371,eskişehir,False
1.20727e+18,aptal orospu evladı seni,False,False,0,1,0,0,1,4142160976.0,4,3196,180,275,1109,,True
1.16023e+18,bu senede değişen bişey yok yazlar kurak kışlar soğuk insanlar yine yavşak yine yavşak,False,False,0,0,0,0,0,3312243239.0,4,14175,1637,1642,2344,sivas,True
1.1577e+18,yansıyan deli dolu enerjin seçkinözdemir,False,False,7,38,1,2,0,9.23598e+17,2,120683,465,1156,19867,özdemir,False
1.15356e+18,bu tweet bu profilde ilelebet sabit kalacaktır,False,False,308,2164,0,1,0,9.97597e+17,1,15633,4960,6620,4013,tokat,False
1.15879e+18,meb gov tr ye sor dingil madem orda yazıyor,False,False,0,0,0,0,2,317277557.0,8,12169,95,82,5221,türkiyeankara,True
1.15812e+18,birine haddinden fazla değer verdiğinde yaptığı ilk şey seni değersizleştirmek oluyor,False,False,84,571,0,0,0,67155761.0,10,16300,521,16689,3050,yalova,False
1.2071e+18,senin görüşlerinin ne önemi var sikik herif boş boş analizini yap siktir kunduranı kin kusup köylü diye hedef göstereceksen beni hedef göster amcık herif,False,False,1,34,0,0,0,1.00302e+18,1,96264,410,2956,12203,medellín,True
1.20703e+18,senin ulkeni de sikerim paranı da sikerim orospu evladı gürses,False,False,3,6,0,0,0,9.36956e+17,2,140,45,78,414,,True
1.15912e+18,kafası güzelken yazmış galiba ya da gerizeka jsjdjsk,False,False,0,2,0,1,0,1.12258e+18,0,20127,2076,2148,583,türkiye,True
1.16195e+18,kalbinin götürdüğü yere git,False,False,8,267,0,1,0,322067673.0,8,480456,2923,7372,22767,ankara,False
1.16005e+18,allah bu yobaz dile benden ne dilersen depremi oraya gönderirim demiş sanki ee dib bu adamla aynı düşüncede olamaz değil mi,False,False,0,0,0,0,1,1534865520.0,6,26575,989,472,27309,istanbul,True
1.1548e+18,hükümetinafsözüvar ve bir gün gelir tüm dualar kabul olur yeter ki inanmaktan vazgeçmeyin,False,False,8,4,1,0,14,1.08518e+18,0,530,137,166,1577,konya,False
1.15839e+18,sonunda bi canfeza gelen çıktı sjdjd,False,False,0,0,0,0,1,7.18335e+17,3,1384,1653,1423,1062,konya,False
9.44052e+17,selamun aleyküm dostlar sabahınız hayr cumanız mübarek olsun tevazu sahibi ol ahlakî tavır takın doğruluğu temsil et eğri olmaktan sakın cuma dualarımız kalkan olsun bizlere şah damarından bile allah ım daha yakın sezai tuğla,False,False,16,73,0,1,0,9.08869e+17,2,248621,4491,5435,29706,bursa,False
8.86973e+17,yahudi profesör finkelstein filistinlilere yaptıkları zulmü kendi acılarıyla meşrulaştıran israillilerin ikiyüzlülüklerini yüzlerine vurdu,False,False,3835,5091,0,1,0,4913956535.0,3,15,18,36628,12134,türkiye,False
1.15838e+18,gençlere tavsiyem takılma kültürünü bırakın güzel güzel sevgili olun iklim krizi devrede her an bir protestoya katılacakmış gibi cillop gibi yaşayın sağlığınıza dikkat edin fiyakalı,False,False,0,0,0,0,0,7.05443e+17,3,14822,1417,2532,3533,eskişehir,False
1.1584e+18,çin etiyopya ya 9 00 mt acil gıda yardımı bağışladı,False,False,1,3,0,1,0,3466311437.0,4,10,12,9515,26763,ankara,False
1.12724e+18,şimdi size dernek başkanı bir kadının yaptığı vahşeti anlatacağım enez dogader diye bir dernek başkanı fotodaki selma yılmaz enezde kısırlaştırma projesi adı altında yaptığı usulsüz kısırlaştırmalar yüzünden 246 tane resmi işleme alınmış köpeğin ölmesine sebep olmuştur,False,False,962,1368,0,1,0,365172101.0,8,6351,58,100832,13229,istanbul,False
1.15976e+18,bu zamana kadar ne kadar üzdüğüm kalbini kırdığım insan varsa hepsinin tekrar amk ben boşyere kimsenin kalbini kırmam,False,False,0,0,0,0,0,1.13169e+18,0,2197,162,114,121,gaziantep,True
1.16111e+18,yukarıdaki iki görsele yaptığı yorumlar nın insaflı bile kalmış bırakın saygı duyucaksınız mevzularını ben de bu soytarı saygı duymuyorum bu ve bundan önceki tweetlerden anladığım kadarıyla sarmışsınız belli bu adama ama iyi bildiğiniz işi yapın bence,False,False,0,0,0,0,2,398203190.0,8,14588,515,308,6296,kuşadası,True
1.1626e+18,günaydın kuş olsam kafana sıçarım günaydın,False,False,0,0,0,0,0,40214064.0,10,3207,599,704,8735,balıkesir,True
1.20476e+18,oğlum evladım annesini çalışır haldeki çamaşır makinesi üzerindeki siktir ibne evladı niye küfür ediyorsun amk bebesi seni düzgün konuşamıyor musunuz hemen anneye dil uzatıyorsun he bacısını siktir ibne evladı seni,False,False,0,0,0,0,3,4221292000.0,4,28372,577,101,3417,trabzon,True
1.15705e+18,atatürk çok mükemmel kuran okurdu prof dr haydar baş,False,False,42,94,0,1,0,1.11536e+18,0,2,1431,816,21,türkiye,False
1.16149e+18,senin gibi torunun ben amk,False,False,0,0,0,0,1,1916940547.0,6,423,440,10,1388,türkiye,True
1.15858e+18,alevi sünni deist ateist budist hristiyan yahudi müslüman solcu sağcı laik dindar vs kimsede ben bu dünyaya bir şekilde geldim bana bir rol verildi bende rolümun hakkını vereyim siktir olup gideyim demiyor şucuyum bucuyum böyleyim boylesin bitmez bu muhabbet,False,False,0,0,0,0,1,375849874.0,8,2319,27,40,732,izmir,True
1.16053e+18,istersen ingiltere istatistiklerine bakalım amk çocu,False,False,0,0,0,0,1,9.99789e+17,1,5355,129,140,639,değirmendere,True
1.16114e+18,merhaba ben kayseri den travesti hasret sevda görüşmeleri mi kendime ait evimde yapıyorum ne aradıgını biliyorsan ve ciddiysen eğer görüşelim müsaitim şuan 0541 691 29 19 bayan degilim 0541 691 29 19,False,False,0,0,0,1,0,7.31514e+17,3,91,1815,2533,6545,kayseri,True
1.16127e+18,sevgili tadinda ilişki için arayın görüşelim aszcv ya ümit sizsiniz ya ümitsizsiniz şişli eskort şişli eskort sex masaj salonu bayan,False,False,0,0,1,1,0,1.15875e+18,0,0,12,0,2,izmir,True
1.20721e+18,angut ikili ve uçan kuş röplerinden sonra istisnasız her seferinde ben,False,False,0,16,0,1,0,1.17878e+18,0,6180,64,201,2431,angutlarla,False
1.16243e+18,belki yüzlerce kızı 17 yaşında evlendi diye kocasız bıraktılar eşlerini hapse attılar bu kızlarımız 16 yaşında teknede dj sevgilisiyle eğlenseydi dünya starı olurdu bunlar müslümanlara sapık diyen anonim çocuklar işte 22ağustosta tahliyebekliyoruz,False,False,2,0,0,0,0,1.15351e+18,0,0,0,5,471,istanbul,True
1.15871e+18,aptal seninle sivasta etli ekmek yiyebilirdik aptak,False,False,0,0,0,0,1,103219342.0,9,9844,691,504,3818,ankara,True
1.15894e+18,vayy karşim sonunda aq jdj dmden ke,False,False,0,0,0,0,1,1.0612e+18,1,95,37,24,37,türkiye,True
1.15843e+18,yaşamak ölmekten hazin geliyor,False,False,0,0,0,1,0,172266950.0,9,92777,455,1354,37227,avcılar,False
1.1573e+18,işkur personeline 100 gösterge rakamının memur maaş katsayısı çarpımı neticesinde bulunacak tutarda ek ödeme istiyoruz 5dönemtoplusözleşme,False,False,39,35,1,1,0,3523316655.0,4,518,67,4632,3621,ankara,False
1.15915e+18,neşet ertaş elini kalbine götürdü burası varya dedi taşa toprağa gerzek kalmadan insanın gömüldüğü tek yer,False,False,4,65,0,0,0,8.08211e+17,3,76159,1074,2129,1882,ordu,False
1.15588e+18,sevdanı bulmak yıllar sürdü alihüroğlu ve sevdaeğilmez keremcem ve özgükaya aşkoyunu alsev,False,False,23,9,0,0,1,570982849.0,7,107322,439,223,112186,turkey,False
1.16264e+18,hay falcaonuzun amk alında kurtulalım yada almayında taşşak geçelim yeter yavv,False,False,0,0,0,0,0,420147373.0,8,3522,1434,1550,12341,istanbul,True
1.15908e+18,1 gün zındık bahçesine gireyim dedim her renkten böcek gördüm lanet gitsin,False,False,0,0,0,0,0,1.15182e+18,0,145,20,18,22,trabzon,False
1.15085e+18,hafıza 15 temmuz müzesi açılış töreni,False,False,3215,15537,0,0,0,68034431.0,10,0,95,13974880,6091,ankara,False
1.15816e+18,şu şahane özet bakışdayız hepimiz,False,False,1523,25939,0,0,0,121096624.0,9,3586,1063,791512,2754,istanbul,False
1.16209e+18,salak,False,False,0,0,0,0,1,9.6019e+17,1,7356,188,244,468,kocaeli,True
1.14576e+18,biliyorsun her şeyin yoluna girmesi için de bir yol gerzek,False,False,536,7300,0,0,0,8.51345e+17,2,3888,6,132645,2140,hatay,False
1.16085e+18,yalan amk yalan hayatınız yalan foto çekmiş anasiymis yalan amk,False,False,0,0,0,0,1,1.06156e+18,1,0,170,46,527,eskişehir,True
1.15772e+18,romanyada 15 yaşında kız evine gitmek için otostop yaptığı şöför tarafından tecavüzle öldürülüyor eğitim bakanı yabancının arabasına binmemeyi öğrenmeliydi dedi diye görevden alınıyor içişleri bakanı istifa ediyor emn gen müd görevden alınıyor işte buna medeniyet ve hukuk deniyor,False,False,5676,29154,0,0,0,417045777.0,8,8764,2977,71163,25015,istanbul,False
1.15844e+18,bilginin ışığında yükselecek bu vatan benim adım öğretmen bana emanet vatan 60binöğretmeninsesiolun,False,False,7,4,1,1,4,1307946462.0,6,5318,202,280,1809,konya,False
1.1627e+18,ayse ayse seni gorunce aklima hep ne kadar bos bir insan oldugun geliyor cok cabaliyor musun bu kadar salak olmak cok cabaliyo musunuz birbirinizin gotunu yalaka icin,False,False,0,0,0,0,0,8.61145e+17,2,96519,381,1797,18545,yiğit,True
1.04069e+18,dünyanın en güzel yerinde sensiz yok olup gitmenin kederini anlatıyorum kuşlara,False,False,13,158,0,2,0,180291002.0,9,86905,182,4648,1671,gaziantep,False
1.1594e+18,siktir bok,False,False,0,0,0,0,1,8.12135e+17,2,33843,159,160,5445,ankara,True
1.07941e+17,faik cetiner rahmi koc un ali koc a uyarisi var bu surecte gemiyi son terkeden ol ama asla baskan olma demis,False,False,34,53,0,0,0,71108476.0,10,2771,2835,1288628,339867,turkey,False
1.16231e+18,ah be idolüme solo çıkarmayan programlara radyolara göndermeyen ost yaptırmayan şirret şirret utansın kendinden,False,False,0,0,0,0,0,880340076.0,7,30730,1724,2060,10107,isparta,False
1.15592e+18,twitter ailem seviliyorsunuz hepinize iyi geceler,False,False,84,572,0,0,0,9.33361e+17,2,251197,33236,34075,2610,türkiye,False
9.94281e+17,erkeklerin 3 yüzü oluyor 1 ilişkiden önceki yüzü 2 ilişkideki yüzü 3 ilişkiden sonraki yüzü,False,False,108,1326,0,0,0,1576617078.0,6,81,14,539353,6435,ankara,False
1.15812e+18,gel ey sevgili aklıma koydum seni aklım almadı kalbime koydum seni sana doymadım hergün biraz daha aşik oluyorum hergün daha çok çoğalıyor sevgin bende aşılması imkansız serab ına dalıyor ruhum aşk sandığın kadar değil yandığın kadar,False,False,11,86,0,1,0,9.76176e+17,1,8843,1358,1316,223,türkiye,False
1.16052e+18,seksi pasif ateşli ve azgın birisi olarak burada bulunan kemer öpüşen eğlenmeyi ve zevk almayı da istiyorum gece boyunca gerzek fanteziler ile birlikte gerekse de daha özel alanyatravesti 0553 787 1685,False,False,0,0,1,1,0,1.16012e+18,0,1,21,7,16,alanya,True
1.10521e+18,yapıştı canıma bir kara sevda,False,False,4,234,0,0,0,1.02939e+18,1,32728,1366,2149,149,tavşanlı,False
1.16307e+18,beren saat kim aq,False,False,0,2,0,0,0,2808738389.0,5,103362,25923,23599,14281,izmirbergama,True
1.20723e+18,ne diyor bu ibine,False,False,0,0,0,0,1,1.13833e+18,0,1867,71,11,25,gaziantep,True
1.15302e+18,bana sadece önemli bir şey olduğunda yazın ya boş muhabbetlere girmeye ne gerzek var,False,False,3,17,0,0,0,1.02776e+18,1,941,81,192,289,mersin,False
1.10161e+18,demişler ki sevda sahrasında mecnun değilsen ne leyla yı çağır ne çölü incit,False,False,2,123,0,0,0,1.10088e+18,0,3406,1022,453,80,manavgat,False
1.16154e+18,siktir git,False,False,0,0,0,0,1,1.15198e+18,0,10,9,0,44,turkey,True
1.02209e+18,allah kaderimizi böyle yazmış gönüllerbirolsun,False,False,278,285,1,1,0,44982012.0,10,81,4,85926,14786,adana,False
1.20725e+18,eşini çocuğunu feda edenlerde bugün dönek ve saygısız,False,False,0,0,0,0,1,345936312.0,8,24521,663,409,9455,dünyalı,True
1.15868e+18,gelin de bi fav atın aq o kadar çalıştım açıklandı,False,False,49,11685,1,1,0,1.14035e+18,0,2237,87,64,801,ankara,False
1.15918e+18,vizyonsuzda olduk amk,False,False,0,1,0,0,0,449666727.0,7,201,50,38283,15,antalya,False
1.15858e+18,adamcıkların her tarafından çirkinlik akıyor ezik yarası olan gocunurmuş,False,False,0,0,0,0,1,1.13588e+18,0,318,150,17,29,kahramanmaraş,True
1.15891e+18,çünkü tr gayleri doyumsuz ve çok meraklı herkesin sikini vücudunu nasıl flörtleştiğini falan merak ediyor,False,False,0,0,0,0,1,1.01884e+18,1,856,295,387,497,istanbul,True
1.20719e+18,o 3 pezevenk nasıl bulabiliriz,False,False,0,2,0,0,1,858468493.0,7,3161,691,496,1955,,True
1.20728e+18,milletvekili olacaksın bir elin yağda bir elin balda olacak dokunulmazligin olduğu halde ite köpeğe hoşt demeyeceksin bu vatanın evlatlarını savunmayacaksin yazıklar olsun size şu tipi tipe ağzının payını vermediniz haram zıkkım olsun kullandığınız tüm imkanlar,False,False,0,0,0,0,1,8.93818e+17,2,1608,372,115,2694,,True
1.15843e+18,benden nefretmi ediyorsun umrumda değil,False,False,0,10,0,0,0,1.10512e+18,0,3602,3281,1426,1493,,False
1.15843e+18,kankaa aciklamasinlar bence djdnjd ösymsonuçlarıaçıkla,False,False,0,1,1,0,0,1050740658.0,6,15530,375,744,4480,ankara,False
1.15667e+18,27 yaşında emekli olamıyor muyuz ya ben çok yoruldum,False,False,873,16159,0,0,0,854815742.0,7,5719,191,70335,1026,türkiye,False
1.20728e+18,işte böyle ezik oluyorlar magandalara fırsat veriyorlar,False,False,0,0,0,0,1,1928059759.0,6,14182,10381,10096,116133,,True
1.16022e+18,protestanofobim kıçtan dallama arttı resmen ağır yobaz,False,False,0,0,0,0,0,37898549.0,10,28745,548,1285,9864,istanbul,True
1.15854e+18,allahtan bu güne kadar nude istemedik atanları engelledik sizi gelin diye anamın karşısına nasıl çıkarayımmben aq d,False,False,0,6,0,0,0,2614333226.0,5,195113,912,3092,13789,bayrampaşa,True
1.20632e+18,amk abaza yaa,False,False,0,0,0,0,1,1.18826e+18,0,2487,462,126,308,,True
1.15835e+18,türkiye de kadının değerli olduğu yerin adıdır twitter,False,False,26,116,0,0,0,1.09027e+18,0,20748,1225,1277,466,ankara,False
1.15835e+18,içinde bize çay getirdi eğildi azman dede hep ağlar niye ağladığını bugün ilk defa anlattı dedi c bayar üniversitesi yayınları çanakkale adlı kitapçıktan,False,False,17,96,0,1,0,1.00685e+18,1,41512,1024,4562,17966,türkiye,False
1.16062e+18,kanka hayaller mimarlık gerzek kasaplık mevzusu aq kdjdskd,False,False,0,0,0,0,1,8.65342e+17,2,2499,98,239,473,alanya,False
1.20726e+18,bu totoş hem cibiliyetsiz hemde karaktersiz amk oğlanci ibne,False,False,0,0,0,0,1,2606021299.0,5,2485,64,36,1373,,True
1.15688e+18,nasıl avutsun babası kaçırılmış çocuğu yok mudur bir yolu ki cinlere sor bakalım oğlunla ve şivekâr ınla yeni bir hayat kurasın,False,False,11,20,0,0,1,1.09486e+18,0,1603,506,360,2341,turkey,False
1.16093e+18,çok sağlam orospu çiçekli elbiseli masum bayram storyleri,False,False,0,0,0,0,0,1.07044e+18,1,4670,1056,318,180,hatay,True
1.15839e+18,karaboğa,False,False,0,0,0,0,1,778528332.0,7,55041,6694,7265,34276,türkiye,False
1.15882e+18,alevilere kurban olun yobaz,False,False,2,4,0,0,1,1686369589.0,6,19339,5001,2487,11519,ankara,True
1.15942e+18,kapat kapat götler cenneti göreceksin ilk mermi ilk kan damlası azadenin müjdesi şehidlerin kanlarından bir nur fışkırdı gök yüzüne ağızdan boşaldı tekbir umut geldi yüzümüze,False,False,0,0,0,0,0,8.80723e+17,2,7934,479,708,7661,türkiye,False
1.20702e+18,onun bunun evladı sen kimsin it föto köpeyi alayınızın şerefini siliyim köpek,False,False,0,0,0,0,1,1.16742e+18,0,5088,516,384,2409,,True
1.15905e+18,aynen o şekil iftira atıyorlar aptal hemen inanıp yakıyorlar kadınları öyle cahil bi topluluk,False,False,0,0,0,0,1,1.09127e+18,0,42760,451,656,166,izmit,True
1.15867e+18,onunla bunun bir alakası yok aq irrelevant,False,False,0,0,0,0,0,9.38295e+17,2,10870,288,13821,19038,türkiye,True
1.15521e+18,arkadaşlar bir ara ben de iyi ki vardım,False,False,2,10,0,0,0,8.92806e+17,2,18901,1146,1386,490,samsun,False
1.20703e+18,tuzlaspor başkanı olsam şuan kovmuştum bu eziği kaybedicek birşeyin yokta niye elindeki tek forveti da oyuna alıyorsun mal,False,False,0,0,0,0,1,1.0058e+18,1,8000,171,76,528,türkiye,True
1.15843e+18,şişinme depreşmek,False,False,0,0,0,0,0,1.15816e+18,0,5,3,0,20,kayseri,False
1.16316e+18,bazı şeyler nasipse olur kismetse olur sen olmaz dersin olmazların gelir seni bulur sen yine de gayret et sabret dua et ve bekle rabbine sığın inancına yaslan ve yolundan ayrılma sakın hayırsızdan gördüğün kötülük bile bakarsın senin için hayırlı olur,False,False,77,512,0,0,0,1.03288e+18,1,44,717,10198,402,türkiye,False
1.10733e+18,dört şey uzun süre gizli kalamaz güneş ay gerzek ve aşk a syh,False,False,992,3109,0,0,0,9.13962e+17,2,28061,60,10856,122,ankara,False
1.15838e+18,ok guzel kari,False,False,0,1,0,0,1,1.08671e+18,0,2164,997,1400,9506,ankara,True
1.15838e+18,ben de istanbulda bir yer gelirse çıldırabilirim djsşdnlddm,False,False,0,0,0,0,1,4645135167.0,3,7672,268,144,3525,türkiye,False
1.1583e+18,açılan solar ağlayan güler,False,False,9,18,0,0,0,1.09997e+18,0,1351,95,46,1349,turkey,False
7.5222e+17,real madrid 23 yaşındaki lucas silva nın kalbindeki sorunlar nedeniyle futbolu bıraktığını açıkladı,False,False,41,234,0,1,0,71108476.0,10,2771,2835,1288628,339867,turkey,False
1.15812e+18,evet dostlar bu ara ne okuyoruz en güzel öneriyi yapan kardeşimize her hafta imzalı kitap projesinden bir tane hediyemiz olsun,False,False,59,720,0,0,1,2846476749.0,5,10295,252,29674,8319,nevşehir,False
1.16328e+18,karşıdaki o kadar salak ki çöp,False,False,0,0,0,0,0,925494992.0,7,15194,1804,579,68873,aydın,True
5.08705e+17,ali atay kocaelisin sen bizim canımız 2014 17 ağustos gölcük marmara aracılığıyla,False,False,1,0,0,0,1,1492916664.0,6,23940,417,433,4361,ankara,False
1.16209e+18,sen bolu çocuusun da ben orospu çocuu muyum ldkdpdm,False,False,0,0,0,0,1,4031688915.0,4,18546,256,811,4717,bolu,True
1.20665e+18,yav bi siktir amk aptal amerikada yasıyosun nba den bi habersin böyle orospu evlatlığı görmedim detroit po için got verior mvp rose bulls a doğu finali oynatıyordu  yarak kafalı,False,False,0,1,0,0,1,279713788.0,8,5208,304,428,14111,,True
1.16055e+18,son vuruşu yapan piç kim,False,False,0,0,0,0,1,94311180.0,10,31884,395,400,28353,türkiye,True
1.15966e+18,moruk hepinizin içindeki piçi ben,False,False,0,0,0,0,0,8.76983e+17,2,47,7,7,4,kocaeli,True
1.16298e+18,bazı şeylerin olmayacağını bile bile hayalettimde o bile çoğğ hoşt pazar,False,False,0,1,2,0,0,707631709.0,7,348,62,120,184,istanbul,False
1.15891e+18,kendisini büryancı akıl sır ermemek geber yüzlük koltuğu doldurmak,False,False,0,0,0,0,1,1.15815e+18,0,75,50,4,194,ankara,True
1.15496e+18,barışalım mı dedi sen hiç bir kitabı iki kere okudun mu dedim evet dedi peki sonu değişti mi dedim sustu,False,False,3,29,0,0,0,2730922549.0,5,36958,938,6480,8633,adana,False
1.20727e+18,karısının arkasına saklanan köpek hoşt ulen hoşt yaptığın her analiz yanlış çıktı tomanın önüne de atamadın ki kendini kurtulalım,False,False,0,0,0,0,2,1.19216e+18,0,6866,698,530,1108,,True
1.0479e+18,allah geciktiriyorsa güzelleştiriyordur sabredin,False,False,11,418,0,0,0,3773740815.0,4,17487,19680,24502,395,sivas,False
1.16201e+18,kusucam amk,False,False,0,0,0,0,1,1.02396e+18,1,263,35,9,168,bursa,True
1.20727e+18,harbiden yarrak gibi başımıza bela ettiler erkeğin orospu hiç çekilmiyor,False,False,0,0,0,0,1,200305181.0,9,10924,233,215,3369,uzay,True
1.15872e+18,insanları zorla kendi cennetinize götüremezsiniz,False,False,1,55,0,0,0,2907765040.0,5,130713,2597,4383,285,manisa,False
1.15838e+18,us30 işlemim stop klasik ptesi başlangıcı oldu us100 işlemim açıktır ayrıca 0 75 ve 1 00 büyüklüğünde iki işlemim daha olacaktır pazartesi böyle başlandığında devamında neler olduğunu herkes biliyor sadece destek rt fav,False,False,0,1,4,1,0,1.0525e+18,1,15011,861,5856,2981,türkiye,False
1.15955e+18,azim ve gayretinizden dolayı teşekkür ederiz,False,False,0,0,0,0,1,1.09021e+18,0,151,42,23,198,turkey,False
1.16326e+18,gizli takipçi azgın bayanlar sizi bekliyorum 0542 669 00 69,False,False,0,0,0,0,0,1.15594e+18,0,0,0,1,13,ankara,True
1.16198e+18,bazı kızlar cidden yobaz aq,False,False,0,1,0,0,0,1.13749e+18,0,8235,4173,2463,2950,adana,True
1.12478e+18,vazgeçtim varlığından,False,False,2,180,0,0,0,7.38809e+17,3,203178,19862,25986,736,antalya,False
7.50202e+17,günaydın bayram kahvaltılarının tadı başka oluyor gerzek,False,False,356,3765,0,1,0,215895987.0,9,16532,282,19677,13228,ankaraistanbul,False
1.11858e+18,önemli karşılaşmalar bedenler birbirini görmeden çok önce ruhlar tarafından planlanır paulo coelho,False,False,28,174,0,0,0,1.04023e+18,1,1827,45,3636,1657,türkiye,False
1.20648e+18,bu memleketin abaza bitmez seni  yarak manyak yaparlar hiç merak etme,False,False,0,0,0,0,1,1.20302e+18,0,23,36,0,19,elazığ,True
1.15967e+18,peki iş yemeğine konsomatris gibi göndermeyen rabbin için bugün ne yaptın yarabbim binlerce şükür kendimi rezil etmeme müsaade etmediğin için,False,False,0,0,0,0,0,8.27952e+17,2,20022,293,368,3429,adana,True
1.16219e+18,biz iki kişiyiz ama sen gidince ben neden yarım kalıyorum orospu çocuğu,False,False,0,0,0,0,0,1.11067e+18,0,2295,620,432,368,türkiye,True
1.15731e+18,insanlar olarak doğa ana yı narin ve bize her türlü kucak açacak sıcak bir anne gibi düşlemeye meyilliyizdir 4 e böldüğümüz karikatür bu düşün ne kadar sanrılı olduğunu harika bir şekilde anlatıyor çizer no duck face 9gag,False,False,325,1537,0,4,0,262348793.0,8,12946,50,417273,26235,odtü,False
1.16201e+18,ödemem elden gülüm 055 068 05 56 0553 553 66 31 şuan müsaitim canım ara hemenilişkinin tadı burdakaçırmanı istemem mersin eskort tarsus toroslar akdeniz mezitli erdemli sex ifşa porno masaj eskort eskort mutluson liseli,False,False,1,1,1,1,0,1.15503e+18,0,23,12,109,42,kırıkkale,True
1.1559e+18,koçuboykot hadi dostlar boykota destek,False,False,4,13,1,1,0,3342596602.0,4,18805,523,497,961,türkiye,False
1.15474e+18,ak parti türkiye nin partisidir,False,False,6705,30373,0,1,0,68034431.0,10,0,95,13974880,6091,ankara,False
1.15999e+18,9 sınıfın başında teneffüslerde gezdiğim çocuk beni görünce heyecandan eli ayağına girerdi yüzüme bkamaz utanırdı kekelerdi şimdi biz konuşuyoz çocukla eski sevgilisini 2 kez aldatmış evlenmicez sonuçta takılan takılsın diyo aptal oçzavallı kızla sew olunca erkek mi oldun sandın,False,False,0,1,0,0,0,1.07893e+18,0,11870,456,622,3568,antalya,True
1.1629e+18,yanima keko biri oturdu kurtce bi sarki acti ve oturdugu yerden halay cekiyor nerde miyim konya otogarinda,False,False,0,0,0,0,0,1574714654.0,6,3559,162,288,3662,gaziantep,True
1.20705e+18,bizim altyapı onun bunun evladı mı yetiştiriyor arkadaş gökhançira,False,False,0,0,1,0,0,1.11272e+18,0,11949,408,243,5719,,True
1.1266e+18,allah kalbimizden geçeni biliyor insanlar bilmese de olur,False,False,12,198,0,0,0,1.06601e+18,1,3806,7227,10296,1093,türkiye,False
1.20662e+18,aminakodumun abaza,False,False,0,0,0,0,0,9.83744e+17,1,150,113,10,514,milan,True
1.20726e+18,lan at kafası sanane,False,False,0,4,0,0,0,2172144623.0,6,33157,2934,5814,2061,,True
1.15983e+18,biraz var knk nasıl soru o aq,False,False,0,0,0,0,1,1.07722e+18,0,1980,329,452,2877,kadıköy,True
1.1593e+18,350 ye kirayi buluruz dagda baraka falan da 200 tl araba kredisi neymis amk bende alicam o arabadan bilen varsa soylesin,False,False,0,0,0,0,2,1735082492.0,6,516,312,134,893,antalya,False
1.20725e+18,ben biz süper oynuyoruz demedim ki ayrıca madem öyle sığırlı konuşucaz at kafası sezon sonu için seni de işaretliyim acayip seviyorum böyle umutlanıp sezon sonu hakem diye ağlamanızı şimdi seni sessize alıyorum kendi kendine kudur amk tinercisi hahahhahahaha,False,False,0,0,0,0,3,1.01495e+18,1,2916,223,215,5453,,True
1.20704e+18,şimdi bu oç nün ağzını yüzünü s2nce suçlu biz oluruz dimi provokator veled zina,False,False,0,0,0,0,0,2377019991.0,5,6115,663,327,8164,recep,True
1.15906e+18,o güzel sanatçilar beyaz atlarina binip kaçtilar bize kalan ise sanatçi gecinen puşt oldu,False,False,0,0,0,0,1,1.11103e+18,0,439,371,27,316,türkiye,True
1.16014e+18,şimdi bi saniye bu gerizeka istanbul izmir yolunun her ne koşulda olursa olsun 3 5 saate fikslendiğini mi sanıyolar da üçü beşten atıyolar ulan öküz bunun iş çıkış saati var bayram ziyaretleri var kazası var araç arızası var var da var davar,False,False,0,0,0,0,0,3359279675.0,4,48721,4298,8275,12281,türkiye,True
1.1629e+18,yarım o götu,False,False,0,0,0,0,1,974046632.0,7,165,480,62,263,antalya,True
1.20701e+18,ahmak herif önce neyin ne olduğunu öğren ondan sonra konuş cesaretin varsa hadi şimdi öğrendin kim olduğunu yüreğin yetiyorsa aynı cümleyi kur edepsizlutfuturkkan,False,False,1,2,1,0,0,116147009.0,9,140,230,32,1337,bursa,True
1.16295e+18,senin ne kadar cahil olduğunu gayet iyi biliyoruz yazdığın yorumlardan gittiğin yoldan senin ne kadar cahil olduğunu anlamamak mümkün değil bu lafları söylerken önce aynaya bakacaksın sonra söyleyeceksin,False,False,0,0,0,0,2,1590961554.0,6,271,240,61,566,adana,True
6.0258e+17,türkiye nin yenilmez armada olarak anılan takımı adana demirspor sutopu takımıdır17 yıl hiç yenilmeden 22kez üst üste şampiyonluğu vardır,False,False,112,80,0,0,0,3032937727.0,4,229,11,16417,1741,turkey,False
1.16241e+18,çorlu merkezdeyim cok azgın bir travesti sınır tanımıyorum 05343631986 corluescort lüleburgaz tekirdağ corlutravestı çorlu velikoy çerkezköy,False,False,0,0,7,1,0,1.1535e+18,0,26,1,47,32,çorlu,True
1.15844e+18,djdjdjjdjd sesli güldüm yiiaa,False,False,0,0,0,0,2,1.1518e+18,0,1269,97,133,312,düzce,False
1.15948e+18,kadin dediğin 1 5 00 maaşı olacak 2 mesleği olacak 3 yalnız yaşayacak 4 patriyarkal olmayacak 5 boyu 1 70 civarı olacak 6 en fazla 55 kilo olacak 7 güzel içecek 8 entelektüel olacak 9 mümkünse esmer olacak 10 ilgi budala olmayacak,False,False,0,0,0,0,0,9.72753e+17,1,4054,209,287,427,istanbul,True
1.15874e+18,rüzgar varken neden kullanmıyoruz danimarka gibi deniz varken neden kullanmıyoruz hollanda gibi ki kesilen ağaçların altın için kesildiğide şüpheli bizim yalaka medya vermiyor ama dış basında çok zengin uranyum yatakları var deniyor biliyormusun senin aklın nerede acaba,False,False,0,0,0,0,1,302631744.0,8,51980,876,1099,70911,sinop,True
1.16108e+18,siz kahpe ölmediyseniz bize dertten bir şey olmaz merak etmeyin,False,False,1,1,0,0,0,1.15949e+18,0,113,76,10,13,adana,True
1.16015e+18,bir normal dolgu bir de kanal tedavisi yaptirildi gayet iyi durumda,False,False,0,0,0,0,0,1.08626e+18,0,2365,84,79,1301,türkiye,False
1.16193e+18,adanatravesti 0553 047 6984 merhaba izmirli travesti sanem ben çıtır kız arıyorsan ben burdayım adana 19 luk minyon prenses,False,False,1,1,1,1,0,1.15257e+18,0,123,37,260,693,adana,True
1.20683e+18,inşallah o tekniklerin hepsi birgün sırayla denenir sende beyinsiz ali fuat yilmazer gibi adamlar konuştuğu için içerde ahmak herif,False,False,0,1,0,0,2,2432357455.0,5,3780,593,555,526,,True
1.08116e+18,kendine yaslanan dik yürür,False,False,100,3422,0,0,0,8.20301e+17,2,79261,50811,49952,916,osmaniye,False
1.20727e+18,engelle o zaman orospu evladı,False,False,0,0,0,0,2,1.09141e+18,0,57359,533,588,7012,,True
1.15839e+18,kromoplast uygulatmak serüven,False,False,0,0,0,0,0,1.15821e+18,0,2,1,0,17,kahramanmaraş,False
1.15593e+18,pubg yok insta yok kumar yok alkol yok gece hayatı yok flört yok halısaha yok kıskançlık kısıtlama karışma yok ideal erkek miyim yoksa gerizeka mıyım bilmiyorum,False,False,36,2466,0,0,0,1.12842e+18,0,27140,14153,15724,6276,gebze,False
1.15843e+18,yutkunamadım,False,False,0,0,0,0,1,1.15838e+18,0,7,24,1,8,ayrancı,False
1.207e+18,lan orospu evlâdı,False,False,0,0,0,0,1,1.19244e+18,0,0,0,0,2131,,True
1.1473e+18,kendi kendime ninni söylüyorum uyumak için hayata bak,False,False,1,19,0,0,0,7.99281e+17,3,42358,2282,2582,3550,manisa,False
1.15808e+18,belkide çok değer verdiğimizden kaybediyoruz,False,False,13,112,0,0,0,1.07967e+18,0,439,5292,5247,279,samsun,False
1.16253e+18,amk onlarn,False,False,0,0,0,0,1,136639064.0,9,11,136,103,1628,ephesus,True
1.16128e+18,ya bi siktir git türkçe yazmayı öğren amk yobaz,False,False,0,0,0,0,1,1.15259e+18,0,518,12,13,789,beylikdüzü,True
1.15882e+18,şu kalbinize galoş falan geçirin de tertemiz insanların kalbini bari bok etmeyin,False,False,0,1,0,0,0,1.09614e+18,0,2400,61,72,552,bursa,True
1.16074e+18,ücreti elden alan bayan benimdetayli bilgi için arayin hyfcz bir araştırmaya göre kadınlar erkeklerin bakışlarınafiziksel götünü ve giyimine bakarak üc dakika icinde not veriyor manisa eskort eskort sex manisa bayan,False,False,0,0,1,1,0,1.15886e+18,0,0,12,1,1,izmir,True
1.20489e+18,aq moron tekme atmaktan başka bir boka yaramıyor,False,False,0,0,0,0,1,1.11028e+18,0,4000,288,4,701,,True
1.20725e+18,dönek soytarı,False,False,0,0,0,0,1,1487938699.0,6,486,397,9,518,istanbul,True
1.15754e+18,balkanlar da osmanlı izleri alperenler tekkesi bosna hersek in mostar kenti yakınlarındaki alperenler tekkesi 600 yıl önce anadolu dan bölgeye gelen dervişler tarafından buna nehri nin kaynağına kurulmuş,False,False,49,283,0,4,0,158403137.0,9,112,73,68280,46078,ankara,False
1.1594e+18,athena gökhan sana bir kez daha söylüyorum madem 15 temmuz sana bu kadar giriyor pantolon giyip adamım deyip sokağa çıkıyorsun soru şu o gece neden ibne yaninda yer almadin,False,False,0,0,0,1,0,93479134.0,10,42086,90,174,1797,istanbul,True
1.16057e+18,adana da motorcu olmaya karar verdiyseniz uzun kollu ve kapalı kıyafetler giymeniz gerektiğini acı bir şekilde öğrenirsiniz çünkü 48 derece sıcakta çok korkunç yanıklarınız olabilir lanet olsun beyaz tenli olmak acilen bu renk uyumsuzluğunu eşitlemem lazım,False,False,0,0,0,0,0,233668695.0,8,1576,170,31,1105,adana,False
1.16089e+18,fotolar kolpa amk,False,False,0,0,0,0,1,1965753950.0,6,2355,1729,187,928,istanbul,True
1.14176e+18,uzun uzadıya uğraşılan yemekler beni deli ediyor gerçi azıcık uğraşılanlar bile deli edebiliyor çünkü ne gerzek var,False,False,1,0,0,1,0,7.11641e+17,3,392,95,110,376,türkiye,False
1.16219e+18,inş at boku üstüne düşersin hoyohoyohoy,False,False,0,0,0,0,0,9.5778e+17,1,756,83,80,336,tekirdağ,True
1.20725e+18,oğuzhan emekliliğini ilan ermiş bukadar gamsız bok herif orkan boyd oğuzhan güven den acilen kurtulun,False,False,0,0,0,0,0,366528654.0,8,16833,1352,868,9690,izmir,True
1.15859e+18,sabahın bir körü parfüm şişesini boşaltacak gücü enerjiyi nereden buluyosunuz anlamış değilim güne tatsız başladık hadi hayırlısı,False,False,0,0,0,0,0,9.58324e+17,1,8697,422,417,2649,turkey,False
1.15522e+18,çekiliş 1 kişiye istediği bts albümü 1 kişiye bt21 istediği bir ürün yapılması gerekenler instagram daki grannydiaries gd sayfasını takip ettiğinize dair ekran görüntüsünü yorum atmanız bu postu beğenip rt etmeniz son katılım 15 eylül 2019,False,False,541,573,0,1,0,8.46669e+17,2,46008,252,949,9653,türkiye,False
1.16026e+18,27124 kontörlük izmirêſćòrț bucaêſćòrț alsancakêſćòrț önleyici vuruş dürzü,False,False,1,1,3,1,0,1.15994e+18,0,2,0,0,14,kocaeli,True
1.16024e+18,sinir krizi geçircem ya mahallede topu olan çocuk gibi bi boka yaramaz ama top onun diye oynuyo işte,False,False,0,1,0,0,1,626930610.0,7,19992,877,476,16334,samsun,True
1.16125e+18,7 kişi herkese dalıyorlardı aq hastaları,False,False,0,0,0,0,3,1.01247e+18,1,138124,673,859,8244,manisa,True
1.16209e+18,ya ne var sahada be pezevenk ne var atıyosun o maddeyi niye atıyosunn,False,False,0,1,0,0,0,2253504316.0,5,28077,657,1771,57355,izmir,True
1.00339e+18,damla nın gücünü merak edenler varmış sadece twitter kitlesinden gelen oy sayımız şampiyonluğun ayak sesi bilin istedim survivor2018 damlacan dcfc,False,False,51,151,3,1,0,7.86617e+17,3,62981,322,1749,38291,ankara,False
1.16327e+18,bu karı da iyice şımardı aq,False,False,0,0,0,0,0,438738884.0,8,17466,156,437,20257,türkiye,True
1.1629e+18,mutfaga kültablası almaya gidiyorum su içiyorum ve kültablasını almadan geliyorum aq,False,False,0,5,0,0,0,8.64031e+17,2,2775,5330,4964,4041,adana,False
1.20723e+18,boşverin puşt konuşmaya değmez,False,False,0,0,0,0,1,2738503180.0,5,879,305,74,517,,True
1.15253e+18,vedat okyar gibi yaşamak,False,False,204,1942,0,1,0,71108476.0,10,2771,2835,1288628,339867,turkey,False
1.16282e+18,yaşam kalitemizi düşürdünüz amk çocukları,False,False,0,0,0,1,0,175340160.0,9,950,325,284,5204,antalya,True
1.15866e+18,ezik kompleksi mi siz gerzek hasta mısınız maziniz akhisar ve ankara demirden hallice tribununuz sivas kayseri ayarında şehriniz köyden bozma bombok bir şehir hangi had ve psikoloji ile kendinizi kocaelispor ile bir tutabiliyorsunuz çok çok ilginç,False,False,0,0,0,0,3,8.84654e+17,2,1338,64,464,2709,türkiye,True
1.16084e+18,0537 853 40 80 0551 192 61 44 yerim var duş imkanı var sınırsız görüşüyorum ciddi beylerden hoşlanırım ankara eskort ankara çankaya kızılay ulus sincan mamak yenimahalle eskort eskort bayan esc sex masaj porno ifşa türbanlı çıtır liseli,False,False,1,1,1,1,0,1.15519e+18,0,7,12,133,14,sivas,True
1.16011e+18,ben kendimi yeterince eleştiriyorum sen bi sus aq,False,False,0,0,0,0,0,7.4103e+17,3,5902,402,593,1235,adana,True
1.20622e+18,kruse benim icin bitmistir 10 numara sivas macinda o topu atacak atamiyorsa sagdaki adama asist yapacak sikik herif siktir gitsin boyattigi sacini sikiyim 20 macta 5 asist bende yaparim attigi golu ben de atarim,False,False,0,2,0,0,0,554985064.0,7,4077,371,225,10510,,True
1.15838e+18,hım yollar gorüyorum uzun yollar dnjd,False,False,0,1,0,0,1,1.14141e+18,0,17221,2203,2340,672,ordu,False
1.15956e+18,cidden kimin ahını aldıysam harbi özür dilerim be bu ne aq,False,False,300,2947,0,0,0,7.34175e+17,3,387181,992,39051,1903,giresun,False
1.10979e+18,birine körkütük aşık olmak kadar saçma çok az şey gördüm,False,False,1,8,0,0,0,8.77251e+17,2,12753,487,769,622,bursa,False
1.15839e+18,bir tweet 780 kez görüntülenip 1 tane rt ve faw yapılmaz,False,False,0,0,0,0,0,452159513.0,7,6459,712,751,24242,türkiye,False
1.14452e+18,çiçek öldükten sonra istediğin kadar güneşi ol bir daha gökyüzüne yeşermez,False,False,3,228,0,0,0,9.74686e+17,1,29470,373,330,129,gaziantep,False
1.15843e+18,madem ğ ile başlayan kelime yok o zaman neden onun büyük harfi var dedi 1 sınıf çocuğu,False,False,2,25,0,0,0,1.00435e+18,1,108720,8191,12740,2690,bursa,False
1.15843e+18,ağzı olan seviyor kalbi olana denk gelemedik,False,False,7,73,0,0,0,1.02861e+18,1,5832,164,1001,1214,karabük,False
1.15953e+18,olduk bakalım yine kıpkırmızı aq,False,False,0,0,0,0,0,2875038401.0,5,30988,237,1126,10969,düzce,False
1.20728e+18,seni santim santim öperek sokarım sonra her milimini yalar  amına dil atar zevke getiririm altıma alıp bacaklarını omuzuma dayarım yarağımı  amına sokup dibine kadar köklerim altımda tamamen kavrayıp sert sert hızlı hızlı haşin haşin bağırta bağırta inlete inlete sikerim dm ye,False,False,0,0,0,0,1,1.04312e+18,1,4808,966,90,1195,istanbul,True
1.15916e+18,bu ww grubu golf a3 octavia araçlarda araç hız tümseklerinden geçerken çıkan gayır guyur sebebini bilen var mı,False,False,0,0,0,0,0,75350817.0,10,174,456,1996,1039,ankara,False
1.15808e+18,dünyanın iki başı bir gelmez,False,False,3,1,0,0,0,1.09997e+18,0,1351,95,46,1349,turkey,False
1.15014e+18,güzel hareketler bunlar,False,False,1,6,0,0,0,444549753.0,7,497,241,495,10608,ankara,False
9.96888e+17,ulan robot olmadığımı ispatlamak için mağaza önü resimi mi bulacağım sikiyim bulmuyorum robotum ben aq,False,False,1,5,0,1,0,3418729700.0,4,13428,556,223,3225,sakarya,True
1.16073e+18,yolun zorunu yürümüştüm ben tanıştığımız zaman eğer pişman olduğun zaman gelirsen sikerim iflahını,False,False,0,0,0,0,0,9.22906e+17,2,8273,289,208,4624,karabük,True
1.15854e+18,biri de çıkıp almadı amk kız olsam seri seri yollardınız allah belanızı versin,False,False,0,0,0,0,0,8.70983e+17,2,3124,80,73,715,bursa,True
1.20722e+18,dışardan bakınca gözlüklü falan ama fizik o biçim hangi şanslı pezevenk manitasl bu,False,False,0,0,0,0,1,1.14716e+18,0,48,67,21,243,,True
1.16247e+18,2 noodleın üstüne senin 2 noodleını da götünü geldi aklıma,False,False,0,0,0,0,2,2853520911.0,5,12228,229,295,8554,beylikdüzü,False
1.16123e+18,nafakahakkınadokunma oh ne güzel 1 ay evli kal mahkemede ağla sonra da kap ömür boyu nafakayı asalak zihniyetli embesil sizin derdiniz evlilik değil zaten siz istiyorsunuz ki gelir kapım olsun bir kaçtane keriz buldummu tamam,False,False,8,23,1,0,0,8.51919e+17,2,18018,3914,911,18170,türkiye,True
1.20728e+18,sefa pezevenk ibne,False,False,0,1,0,0,1,807480386.0,7,46396,165,1249,33757,,True
1.15839e+18,belediye başkanımız akü rektörü prof dr ve rektör yardımcısı prof dr şuayip özdemir i makamında kabul etti ziyarette kurumlararası işbirliği kapsamında önümüzdeki süreçte hayata geçirilecek projelere ilişkin görüş alışverişinde bulunuldu,False,False,9,49,0,3,2,172261312.0,9,1,7,9652,3812,afyonkarahisar,False
1.16064e+18,linnes icin 6 milyon euro luk teklif varsa sırtımda götüreyim,False,False,0,0,0,0,1,908108167.0,7,334,494,487,8185,kocaeli,False
1.15921e+18,anlayamadığım bir şey var sıradan bir vatandaş ağaçlar kesilmesin kaz dağlarında dediğinde neden siyasi bir konu içerisinde değerlendirilmeye başlıyor gayet sıradan bir istek değil mi bu,False,False,1,80,0,0,0,219239665.0,9,489252,121132,143339,53032,ankara,False
1.15843e+18,azı karar çoğu zarar,False,False,1,1,0,0,1,2364356338.0,5,182314,4050,8236,59919,ankara,False
1.16121e+18,insanların dini inançlarına saygı göstermeyi öğrenin aq,False,False,0,0,0,0,0,1.09106e+18,0,91,58,37,705,bursa,True
1.16201e+18,dışı çicek ama içi pezevenk şerefsiz namussuz gavat insanlara benzeyen bir twet olmuş,False,False,0,0,0,0,2,8.08756e+17,3,312,221,132,143,eskişehir,True
1.12873e+18,böyle sürprizli güzel bi video sonu daha görmedimabshsxjcjsbaba,False,False,896,5587,0,1,0,1603641462.0,6,5696,133,764504,1805,ankara,False
1.15839e+18,bu burç değişimi doğruysa cidden mükemmel oldu bir ömür boyu boğa burcu ruhunu taşımak istemiyordum,False,False,0,0,0,0,0,2749217027.0,5,8664,350,875,3083,samsun,False
1.15658e+18,hiç rahat vermiyorum,False,False,3,215,0,1,0,1.1048e+18,0,90879,15012,16003,3147,bursa,False
1.15935e+18,b12 kullanmaya başladım kahpe yapacaksanız 2 defa düşünün,False,False,1,3,0,0,0,1.11012e+18,0,3591,130,86,160,eskişehir,True
1.1613e+18,kaybediyoruz  amına koduklarim mtvhottest bts,False,False,0,0,1,0,1,1.11348e+18,0,4158,487,430,2095,türkiye,True
1.2071e+18,az önce kız olsam orospu olurdum diye bir tweet gördüm sen zaten erkeğin orospu çiçeğim,False,False,0,11,0,0,0,2506698530.0,5,13469,2061,3573,3389,üsküdar,True
1.12913e+18,uğraşmayı bıraktıysam değmeyeceğini anlamışımdır,False,False,3,110,0,0,0,1.12903e+18,0,274,2590,2434,14,istanbul,False
1.16145e+18,tamam uzatma amk ya,False,False,0,0,0,0,1,8.46341e+17,2,15047,434,251,1826,kahramanmaraş,True
1.13165e+18,sakın oturduğunuz yerden allah ım rızkımı ver deyip durmayın gökten ne altın yağar ne de gümüş hz ömer r a,False,False,120,360,0,1,0,1.00988e+18,1,7567,18797,19338,1359,türkiye,False
1.15699e+18,pendik belediye başkanımızın değerli eşleri mehtap cin hanımefendi gönül elleri çarşımızı ziyaret ettiler,False,False,7,36,0,1,3,841375664.0,7,302,290,1942,1207,tuzla,False
1.15826e+18,günaydın galatasaray ailesi,False,False,810,22067,1,1,0,23186079.0,10,67,71,8631496,72643,istanbul,False
1.15805e+18,cumhurbaşkanı erdoğan şimdi de fırat ın doğusuna gireceğiz,False,False,71,382,0,1,0,461858710.0,7,323,27,2198436,305290,türkiye,False
9.23994e+17,allah ın cc ayetlerini okumaktan daha onurlu bir vazife ve bu yolda bedel ödemekten daha büyük bir şeref tanımıyorum,False,False,15996,46345,0,0,0,1102199180.0,6,826,134,666477,13271,türkiye,False
1.15843e+18,ben her şeyi bitirdiğim zaman geliceksin sanırım,False,False,0,3,0,0,0,8.93041e+17,2,32022,830,965,4377,53,False
1.16077e+18,is this funny ha  amına koduğum,False,False,0,0,0,0,2,3308409664.0,4,2306,4747,5246,3748,türkiye,True
1.15844e+18,burayayazıyorum bazen hayat yorar insanı şarkılar yorar beklemek yorar özlemek yorar affetmek yorar hoş görmek yorar boş vermek bile yorar ve insan susar her şeye herkese rağmen geceyenotum herşeyçokgüzelolacak yalağuz,False,False,11,188,3,0,0,1.0554e+18,1,359160,11740,11793,2008,bursa,False
1.15843e+18,galatasaraylı olmama rağmen emreyi abduşla kıyaslayamazsın çünkü şuan emre futbolcu olmaya çalışıyo,False,False,0,0,0,0,1,7.4352e+17,3,10886,179,203,725,adana,False
1.1588e+18,bilen ve bilmeyen bilmeyen ve bilmediğini bilen bilgiye açtır ona öğretin bilen ancak bildiğini bilmeyen uykudadır onu uyandirin bilmeyen ancak bilmediğini bilmeyen aptal ondan sakinin bilen ve bildiğini bilen liderdir onu takip edin çin özdeyişi,False,False,56,172,0,0,0,423805915.0,8,27209,955,75497,37910,ankara,False
1.15839e+18,gerizeka bak kapasitesi yetmeyince nasıl da çemkiriyor it gibi havlamışsın izmir kokusundan fethiye kanalizasyon kokusundan geçilmiyor belediye ile alakası yokmuş ne ile alakası var anlatır mısın o yüksek iq seviyenle dangalak seni asdghsdgjsdhj,False,False,0,0,0,0,1,1.1131e+18,0,1368,150,263,252,nevşehir,True
1.15354e+18,hayattan tüm beklentimi kestim hadi bakalım ne olacak merakla bekliyoruz,False,False,1,0,0,0,0,1.13589e+18,0,37,30,9,6,aydın,False
1.15927e+18,same shit everyday aq beynimi cikarip uyumak istiyorum artik bari sabah olsaydi aq,False,False,0,0,0,0,0,1901199109.0,6,57772,668,4296,24361,kapet,False
1.20723e+18,benle derdi olan insanlara şunu demek istiyorum yarağımı yiyin her derde deva yiyenler öyle dio,False,False,0,2,0,0,0,1.20112e+18,0,3992,216,235,321,,True
1.20711e+18,bacak omza götten sikerim senii nazlıı,False,False,0,0,0,0,1,7.27087e+17,3,13,75,1,35,,True
1.16326e+18,yakın arkadaşımla asla ortasını tutturamıyoruz ya çok ilgili bi yavşak ya da tam bi kro çıkıyor karşımıza,False,False,0,0,0,1,1,3053417701.0,4,1461,154,314,513,eskişehir,True
1.20723e+18,garson bu adami alican neyse agzim bozulacak ulan onun bunun evladi,False,False,0,0,1,0,0,1.2019e+18,0,133,239,59,364,dunyali,True
1.20727e+18,kralın yanında kraliçe olmak varken pezevenk yanında orospu olmayı seçtin,False,False,0,0,0,0,0,1.05428e+18,1,5633,153,229,2923,çorlu,True
1.16153e+18,ya sen mal karıymışsın amk herkes her şeye tepkisini gösteriyor burada muhatapını bulamadıkları pek çok konuda bile twitır sayesinde çok şey başarıldı madem sana edilen lafları kaldıramayıp delirceksin 2 cümle kurmadan önce beynini biraz yormayı dene yoksa ağlarsın işte böyle,False,False,0,0,0,0,1,8.18914e+17,2,4657,100,449,2132,ankara,True
1.16197e+18,bazen öyle tatlı bir şey olur ki günün tüm stresini yorgunluğunu alır götünü me too,False,False,25,127,0,1,0,3397493195.0,4,226639,1154,11237,3073,ankara,False
1.1581e+18,sinirlenince götler dolan prenses olarak yaşamak çok zor,False,False,4,150,0,0,0,1.15071e+18,0,76,1830,1420,16,türkiye,False
1.15854e+18,kanka napıyon aq sen kdşsöxkşs,False,False,0,5,0,1,0,1.09939e+18,0,818,791,1013,140,çorlu,False
1.16088e+18,ya denk gelirse bir dahakine söz götünü,False,False,0,0,0,0,1,585631804.0,7,71832,2436,2966,9779,ankara,False
1.20725e+18,mk pezevenk bunlar klavye faresi mdksksl,False,False,0,0,0,0,1,1136457163.0,6,8405,380,146,1468,ist,True
1.16235e+18,ismet inönü nün böyle bir sözü yok bu yazıyı hazırlayanda paylaşanda dağıtanda sahtekar yalancı senin bot hesabını kullanan kişilerinde anaları kaşar,False,False,0,0,0,0,1,160248068.0,9,264,5354,5326,2643,ankara,True
1.16289e+18,işte bu gecenin son seksleri izle çıldır daha fazlası için rt fav linkler sex porno liseli türbanlı am göt ensest cuckold şikiş liselikızlar grupsex türkifşa ifşa liseliifsa brazzers olgun porn milf,False,False,0,1,2,0,0,1.13888e+18,0,132,25,400,233,türkiye,True
1.20709e+18,ne yalaka orospu evladı,False,False,0,1,0,0,0,1.19593e+18,0,276,23,7,57,,True
1.20728e+18,ne sikerim varya,False,False,0,0,0,0,2,1.16923e+18,0,5,19,3,3,,True
1.15843e+18,onları hiç göndermedim bilmiyorum nasıl bir duygu,False,False,0,0,0,0,1,102063687.0,9,7075,270,919,21267,,False
1.16054e+18,bir doktorla konuştum şehir hastaneleri ile üniversite hastaneleri yok ediliyor yarın doktorumuzda kalmayacak yarın ne olacak umurlarında değil fakire sülük hacamat imam tedavisi zengin ise doktor tedavisi olacak,False,False,6,39,0,0,0,716756136.0,7,91871,1500,48471,410667,istanbul,False
1.16222e+18,iç sesim kes lan aq sünnisi,False,False,0,0,0,0,0,92080832.0,10,949,77,409,1660,istanbul,True
1.15843e+18,valla öyle ama başım döndü tag tan üstelik nispet yapar gibi 2 dernekte aynı gün yapmaktaki amaç ne,False,False,1,1,0,0,1,1.0637e+18,1,54990,3603,3709,42225,ankara,False
1.12326e+18,mağazaya girmişimdir ben bu ceket ne kadar mağaza görevlisi 449 99 efendim ben anladım peki bunun pembeye kaçan limon küfü rengi var mı mağaza görevlisi maalesef efendim ben tüh ya neyse iyi günler,False,False,25,796,0,0,0,1.05718e+18,1,62995,7720,7804,2128,bursa,False
1.20728e+18,memleket orospu evladı kaynıyor,False,False,0,0,0,0,2,7.17307e+17,3,10293,394,448,6369,türkiye,True
1.16121e+18,okudukları her bilgi adı altinda söylentilere inanacak kadar gerizeka olmanız düşünmeye degil de işinize gelmeyen seylere inanmanız tabi ki normal ama üzücü,False,False,0,0,0,0,0,9.0807e+17,2,2485,197,880,130,ankara,True
1.14658e+18,geceler topla yüreğini gidelim burdan,False,False,5,122,0,1,0,8.14571e+17,2,96102,2085,5027,13972,türkiye,False
1.15624e+18,evlat adamolmamlazım dertlinin derdine deva için adamolmamlazım sükûn haline ermek için adamolmamlazım hiç olduğumu görmek için adamolmamlazım,False,False,14,65,4,0,1,1.12645e+18,0,1351,615,318,467,türkiye,False
1.1595e+18,antalya vip eskort canım eve otele geliyorum yerim yok oldu bitti yapmıyorum gerzek resim ve detay sadece whatsapdan0552 557 99 09 antalya antalyaeskort antalyaeskort antalyadadeprem antalyamasaj,False,False,0,0,5,0,0,1.1536e+18,0,0,15,115,20,antalya,True
1.16303e+18,benim cazibesine tek kapıldığım şey bulutlar zira götler sersem onlar,False,False,1,7,0,0,0,7.17717e+17,3,31640,8867,13376,6075,konya,False
1.15185e+18,yokluğun üşütmez,False,False,1,22,0,0,0,1.13051e+18,0,4058,86,436,258,kadirli,False
1.15839e+18,özel basım yapmamış bu sefer ama sürümden kazanırım hesabı,False,False,0,0,0,0,2,1.14891e+18,0,233,989,261,428,türkiye,False
1.15775e+18,başkasına ihtiyacın yok seni sen anla,False,False,168,2372,0,0,0,8.51345e+17,2,3888,6,132645,2140,hatay,False
1.15844e+18,zorlamasam onuda almayacaktın,False,False,0,0,0,0,1,1.10696e+18,0,1038,93,95,194,alanya,False
1.16269e+18,sg amk butün golleri boş kale roma bunun gibi çöpe 1m vermez,False,False,0,0,0,0,1,1.01095e+18,1,7535,251,59,937,hatay,True
1.14599e+18,mevlana derki rabbim bana öyle bir insanı sevdir ki o insanın kalbinde ilk sen olasın ve ben o insanın kalbinde seni bulayım,False,False,68,518,0,1,0,4040495217.0,4,44419,174,1759,5851,adıyaman,False
1.15937e+18,siz çok mu farklı durumdasınız amk,False,False,0,0,0,0,2,1.1573e+18,0,115,73,42,24,istanbul,True
1.15906e+18,ödemeler elden 0534 217 72 35 merhaba canım sınırsız doya doya bir ilişki için doğru kişi benim ve iddalıyım çerkezköy eskort tekirdağ çorlu ergene süleymanpaşa kapaklı çerkezköy eskort eskort bayan sex masaj porno ifşa mutluson çıtır ünüversiteli,False,False,10,23,1,1,0,1.13495e+18,0,77,46,525,150,çerkezköy,True
1.15983e+18,o 536 237 59 18 yaş 22 tercih senin bakırköy eskort bakirkoy eskort ataköy eskort atakoy eskort gungoren güngören bahçelievler yenibosna sefaköy sefakoy bagcilar bağcılar incirli haznedar merter,False,False,0,0,0,1,0,1.15983e+18,0,0,0,0,1,,True
1.1584e+18,gazete duvar merkez bankası swap işlemlerinde vade süresini uzattı,False,False,0,0,0,1,0,1416636571.0,6,1,828,2038,986428,ankara,False
9.42787e+17,azerin sanatçı konuklarıyla birlikte abdurrahman kızılay anısına seslendiriyor altın hızma mülayim,False,False,22,61,0,1,0,158403137.0,9,112,73,68280,46078,ankara,False
1.20664e+18,sapik herif pic şerefsiz lağım faresi,False,False,0,2,0,0,0,4623617741.0,3,181011,10873,12182,422586,,True
1.16304e+18,gerzek sira delilere gelmez kankim,False,False,0,0,0,0,1,8.87411e+17,2,13393,218,429,5944,eskişehir,True
1.16085e+18,yoo giyiniyoruz gayet,False,False,0,0,0,0,0,7.98893e+17,3,8883,133,214,798,samsun,False
1.15843e+18,mesajımız kısa sürede nihat özdemir e gitti ve amatör hakemlere müjdeli haber geldi bayram öncesi kalan maç paralarının büyük kısmı hatta belkide tamamının hesaplarına yatırılacağını bildirdi tebrikler nihat özdemir çok dualar aldın,False,False,0,0,0,1,1,8.13308e+17,2,2240,1109,681,829,türkiye,False
1.1584e+18,insanın gönlü yüzüne yansırmış kiminin ki öfke haset kibir kiminin ki sevgi şefkat merhamet sen mi dört mevsim bahar,False,False,0,1,0,0,0,2271626390.0,5,4164,97,207,2368,,False
1.1623e+18,abi ben ankara çapar iş hanından rahmetli çadırcı mehmet ustanın elemanı murat abi ben çocuktum neredeyse 80 li yıllarda birkaç kez mehmet ustadan izin alarak trabzonspor maçlarına götürmüştün yıllardır hiç unutmadım bir teşekkür etmek istedim öpüyorum ellerinden,False,False,0,0,0,0,0,1.08345e+18,0,4276,1381,1316,1395,ankara,False
1.16217e+18,salak karşısında büyülendiğim insaların yanında bende salak oluyorum bulaşıcı galiba,False,False,0,0,0,0,0,1.09177e+18,0,19186,577,854,880,denizli,True
1.16091e+18,mucevhercilik yelin istrongilos bornovaeſcort eskort bayan çıtır izmir manisa sex te sınır tanımıyor merci sinema endustrisi,False,False,2,2,1,1,0,1.16027e+18,0,0,0,0,1,gaziantep,True
1.0344e+18,evet horluyorum ne yalan mı söyliyim,False,False,55,3414,0,0,0,4604138494.0,3,357,149,640701,1916,antalya,False
1.15838e+18,takım ismi netleşmemesine rağmen mbaye diagne nin satışıyla ilgili olarak tüm işlemlerde sona gelindiği belirtildi diagne nin 11 ile 14 milyon arasında bir fiyata elden çıkarılacağı ifade edildi kap açıklamasının bu hafta içinde bekleniyor hürriyet,False,False,0,2,0,0,0,9.26763e+17,2,196433,1295,1323,8786,wintzenheim,False
1.15843e+18,kapatma kitabı umut belki sonraki sayfadadır,False,False,28,154,0,0,0,1.10103e+18,0,295916,7875,12163,941,kuşadası,False
1.15839e+18,jdjdk,False,False,0,0,0,0,1,1.15309e+18,0,2316,12,5,457,eskişehir,False
1.15948e+18,siktir kevaşe,False,False,0,0,0,0,2,7.01644e+17,3,2967,261,149,1876,eskişehir,True
1.15737e+18,biz gurbetin insanlarıyız diyorum mesafenin terbiye ettiği insanlar nereyebugidiş,False,False,1,2,1,0,0,9.46448e+17,1,4096,112,120,1776,gaziantep,False
1.20709e+18,siktir amk godoş küçüklügünden beri cavanin cükünü yalaka da ögrenmismi,False,False,0,0,0,0,1,4197079301.0,4,5378,217,51,3215,,True
1.15839e+18,yawf sen hala kaştamısın tatil mi yapıyorsun biz burada ağaç olduk hatta dallanıp budaklandık beklemekten enginakyürek beycim fanları çok üzüyorsun söylim dedim haberin olsun paşam,False,False,2,3,1,1,0,7.84853e+17,3,37405,37,1099,4399,türkiye,False
1.1598e+18,aziz yıldırımı eskiden kaldığı cezaevine götünü sürpriz denmesi bana yapılan sürprizler de hep böyle oluyo,False,False,0,0,0,0,0,1.07613e+18,0,17041,74,150,4187,ankara,False
1.16175e+18,neden iyi niyetimi suistimal ediyorsunuz salak mısınız,False,False,2,7,0,0,0,9.45326e+17,1,3044,26,85,484,antalya,True
1.15889e+18,sizde buna inanıyor musunuz aq,False,False,0,0,0,0,1,939082843.0,7,1228,172,183,925,sinop,True
1.15881e+18,anani skim yuh amina koyayim bu sekilde utanilacak konuma getiriosnz normal bir seyse normalmis gibi davran bahset amk,False,False,0,0,0,0,0,1.08562e+18,0,4196,136,262,3183,bursa,True
1.15837e+18,ahlâk ve namus sadece kadınlara özgü terimler değildir bu terimler kullanılınca akla ilk kadınlar gelmemeli herkese kadınıyla erkeğiyle yakışan edepli olmak o çizgiyi bir an olsun aşmamaktır ayetlerde sadece kadınlardan bahsedilmez mü min kadinlar ve mü min erkekler denir,False,False,17,109,0,0,0,1.103e+18,0,47841,3072,5521,13860,türkiye,False
1.15843e+18,rusya nın sibirya bölgesinde 200 bin cephanenin bulunduğu askeri depodaki patlamanın ardından 11 bin kişi tahliye ediliyor rusya ya bel bağlayan kıçına teneke bağlasın çin ile iş tutan kulak çınlamasıyla sarsılır abd ile gelen abd ile gider göktuğ atabeyhhk 9 amp 19 süreci,False,False,39,161,2,0,0,88925756.0,10,18640,431,40937,38102,türkiye,False
1.13491e+18,1 defalarca uyarmamıza ikaz etmemize rağmen analiz verilerinin yasal olarak talep etmemize rağmen sudan bahaneler ile bu hakkımızı kullanmamız engellendi çimtur antalya,False,False,7,15,1,0,1,9.92334e+17,1,376,18,111,169,alanya,False
1.1449e+18,hiçbir hayale sığdıramadığım tek gerçeğimsin sevdim işte öteside yok geriside,False,False,0,5,0,0,0,8.75573e+17,2,3319,598,592,2307,türkiye,False
1.15838e+18,esarete boyun eğmedi bağımsızlığı tek yol seçti büyük önder mustafa kemal atatürk 98 yıl önce bugün türkiye büyük millet meclisi tarafından başkomutan seçildi ebedi başkomutanatatürk,False,False,24,54,1,1,0,339232567.0,8,3842,491,70746,61,türkiye,False
1.15838e+18,neyse doğru yolda gidiyorumdur belki,False,False,0,0,0,0,0,9.84466e+17,1,2175,148,144,283,istanbul,False
1.15807e+18,atanırsam bir antepli olarak 3 şanslı takipçime 1 er kg antep baklavası göndereceğim kargo benden öğretmenlertakipleşiyor,False,False,22,125,1,0,0,9.58982e+17,1,2411,140,184,481,gaziantep,False
1.16124e+18,elini kalbine götürdü burası var ya dedi taşa toprağa gerzek kalmadan insanın gömüldüğü tek yer neşet ertaş,False,False,0,0,0,1,0,146765315.0,9,2757,488,434,314,denizli,False
1.15843e+18,allah belanizi versin,False,False,0,0,0,0,2,515600063.0,7,11010,1745,4557,30528,bursa,True
1.16127e+18,masaj duş grup sexrandevu için ara canim aszcv sizi ahlaken yükseltmeyen aşk emin olunuz ki bir tarafından kirlidir tuzla eskort tuzla eskort sex masaj salonu bayan,False,False,0,0,1,1,0,1.15879e+18,0,0,12,1,3,hatay,True
1.1595e+18,bu platformdaki bazı kızlar allah akıl dağıtırken şemsiye açmışlar aq,False,False,1,1,0,0,0,466543149.0,7,9669,1138,1359,5407,avcılar,True
1.15891e+18,yarim sise sarapta nasi bu kadar got oldum aq oyle boyle degil kahvaltida iciyodum eskiden bunun fazlasini,False,False,0,0,0,0,0,1.05514e+18,1,8626,198,146,4650,ankara,False
1.15517e+18,dokuz s mtvhottest justin bieber,False,False,10,0,1,0,3,8.244e+17,2,76,23,35,4574,ankara,False
1.14397e+18,bir erkeğe futbolu seven bir kadın verirseniz ömür boyu mutlu olur alex morgan,False,False,121,3155,0,0,0,8.33072e+17,2,28505,4120,4051,1147,ankara,False
1.16329e+18,yürü git ordan burası türkiye cumhuriyeti asalak adam kusura bakma biz asalak beslemiyoruz çalış kazan ye asalaklığa özenme ortada gezen zır cahil soytarı osmanlıcılık oynadığa inanma onuruna çalış kazan ye asalaklığa özenme,False,False,0,0,0,0,1,9.8105e+17,1,1287,449,130,2269,türkiye,True
1.15833e+18,keşke benden 3 4 tane olsa aq paylaşılamıyorum,False,False,1,16,0,0,0,1.00009e+18,1,5481,166,272,1603,sinop,False
1.15885e+18,iki fav alacam diye regl recele cevirmiş aq kahvaltıda ekmege sürüyordur bu haa,False,False,0,0,0,0,0,7.86092e+17,3,13584,525,2433,1057,adana,True
1.09502e+18,en kötü kitap yiyin çikolata dinleyin müzik okuyun,False,False,24,947,0,0,0,8.86169e+17,2,394258,10632,13087,55,malatya,False
1.15871e+18,düzce travesti,False,False,0,1,0,1,0,1.1587e+18,0,1,0,0,1,düzce,True
1.15839e+18,dur üstad şimdi uçağa yuzde 70 zam gelicek,False,False,0,0,0,0,1,454995512.0,7,16746,1393,780,15667,izmir,False
1.15776e+18,ebru gündeş hayranları artık kol kola sende senin gibi ebru gündeş hayranlarıyla beraber hareket etmek istersen bize ulaş egfc ebrugündeşfanclup,False,False,1,4,2,1,0,7.00988e+17,3,63,2,472,511,türkiye,False
1.2073e+18,battal etmek fahişe gemleme bulaşıkhane tecavüb,False,False,0,0,0,0,1,1.20707e+18,0,0,0,0,303,,True
1.1584e+18,bazı şarkılarda olmasa hiçbirşeyin kahrı çekilmeyecek,False,False,1,24,0,0,0,1.15248e+18,0,10181,1266,1264,76,gaziantep,False
1.1591e+18,t army sizi ciddi bir şey söyliyicem hani bts yazan çanta bileklik tişört umarım giymezler cok cringe duruyor army bomb getiren olmaz umarım diyorsunuz ama yurt dışındaki armyler hep öyle yapıyor onlar yapınca cool burdakiler yapınca ezik mi oluyor aşağıdakilerde kanıt,False,False,18,330,0,2,0,1.08452e+18,0,61460,727,1253,12251,türkiye,False
1.15914e+18,adıyaman buna gayet müsait kjxjxkshd,False,False,0,0,0,0,1,7.59121e+17,3,6505,1780,1828,679,gaziantep,False
1.16236e+18,okan yolu kapatmıştır ne de olsa pavyon alışkanlığı,False,False,0,0,0,0,1,1.04207e+18,1,11808,1049,1002,5809,mersin,True
1.15841e+18,yine aptal gibi işten gelince uyudum gece sabahlar olmasın yaparım artık,False,False,0,0,0,0,0,148960365.0,9,1666,649,808,3715,türkiye,False
1.15838e+18,son balık öldüğünde son nehir kuruduğunda son ağaç kesildiğinde beyaz adam paranın yenmediğini anlayacak kazdağınadokunma,False,False,3,3,1,0,0,1.00363e+18,1,918,168,221,3955,adana,False
1.20727e+18,omurgasız nonoş fettöş yemiyoruz,False,False,0,0,0,0,1,7.61186e+17,3,265,50,19,165,,True
1.15839e+18,pamuk eller klavyeye,False,False,0,0,0,0,0,64215971.0,10,6857,890,339,6609,,False
1.16078e+18,ya lezbiyen yokmu yanımda seyretmek istiyorum film gibi,False,False,0,0,0,0,0,8.53053e+17,2,1746,2510,139,127,gaziantep,True
1.15905e+18,ananı sikerim yürüyen tumblr orospu çocuğu bunlardan çok vardı böyle hey memen küçük olabilir böylecek sana sarilinca kalbine daha yakin olurum konsepti,False,False,0,2,0,0,0,179484617.0,9,29871,463,6440,6572,3406,True
1.20723e+18,arkadaslar bunlara en guzel cevabi selcuk bayraktar haluk bayraktar veriyor birakin ugrasmayin adam yerine koynayin pezevenk,False,False,0,1,0,0,1,1.1984e+18,0,2231,1578,552,3938,,True
1.16053e+18,yine tekrardan geldim orospu çocukları,False,False,0,0,0,0,0,1.12498e+18,0,0,1,0,1,mersin,True
1.20715e+18,ya sikik herif tuzu kuru boş yapıyor,False,False,0,0,0,0,2,620229059.0,7,3641,400,364,18309,istanbul,True
1.15741e+18,takvimlerden çalarım seni,False,False,1,3,0,0,0,1.10046e+18,0,10938,515,742,585,yozgat,False
1.20703e+18,gürses kılıç dallama galatasaray sizin sikindirik takımınızın veya başka birilerinin paralarıyla bi yere gelmedi aslanım sizin 7 sülaleniz gelse galatasaray a dil uzatmaya çapınız yetmez arenada 2 0 yenince halay çekiyodunuz ya ne oldu biz koyunca niye ağlıyosunuz,False,False,1,10,0,0,0,516017464.0,7,92,236,2219,39989,galatasaray,True
1.20728e+18,hahaha ne ezik adamlarsınız sizin belediyeleriniz gitti istanbul la ankara ya hiçbir şey olmayacak olmadığı sürece chp lilerin umrunda olmayacaksınız ne siyaset ne silah kurtuluşunuz yok,False,False,0,0,0,0,2,1.10413e+18,0,7476,745,0,2863,,True
1.15843e+18,dolaylı yoldan öğrendiysem,False,False,0,0,0,0,1,7.35738e+17,3,81121,1081,3741,71161,türkiye,False
1.20624e+18,ecdadını sikerim annesini siktir cocugu,False,False,0,0,0,0,1,8.65697e+17,2,36,20,12,795,,True
1.15836e+18,ahlat taki iç kalede oğuz damgaları bulundu türklerin anadolu ya giriş kapısı olarak bilinen bitlis in ahlat ilçesindeki eski ahlat şehri iç kalesi nde yapılan kazılarda oğuz damgaları bulundu,False,False,24,107,0,1,0,158403137.0,9,112,73,68280,46078,ankara,False
1.1584e+18,kilo vermeye çalışırken yedikleriniz yağlı ama içecek light olucak di mi dkdkkdl,False,False,14,110,0,0,0,2387277794.0,5,33425,3899,4451,2810,bursa,False
1.15839e+18,sarmaya geçmem için son 2 dal,False,False,0,0,0,0,0,3315509969.0,4,217,86,72,44,kayseri,False
1.1584e+18,türkiye de hayatta kaltak için bilinmesi gereken en önemli kavram,False,False,1,1,0,1,0,1.12171e+18,0,941,278,139,269,istanbul,False
1.15838e+18,şimdi ölmek istemem kalbine dokunmadan,False,False,0,1,0,0,0,9.58033e+17,1,4402,185,216,540,tekirdağ,False
1.16219e+18,aferin gerizeka,False,False,0,0,0,0,1,9.84082e+17,1,12795,1153,1133,1682,bursa,True
1.15839e+18,bence twitter a girmek için beyin gereksin,False,False,0,0,0,0,1,494393997.0,7,14661,701,257,4399,ankara,True
1.15844e+18,öyle deme steve efendi öyle deme beterin beteri var,False,False,32,66,0,1,0,1013652156.0,7,65685,139,12028,9304,türkiye,False
1.16084e+18,kbsp kendini bişey anladın onu sananlar partisi sizden bi cacık olmaz bırakın bu işleri toplumdaki karşılığın yok denecek kadar az sadece chp ye faydan olur ve amacın buysa allah ın lanet üzerine olsun,False,False,0,0,0,0,1,3314674684.0,4,24839,2689,2734,10452,,True
1.15979e+18,saat 6 olsa da tatile çıksak aq,False,False,0,0,0,0,0,705262202.0,7,23408,526,1607,7199,istanbul,False
6.03166e+17,sizin hayallerinizin bittiği yerde bizim gerzek başlar inanmayındemistik,False,False,5321,8329,1,1,0,23186079.0,10,67,71,8631496,72643,istanbul,False
1.15442e+18,çıtır a saldıran köpekle ilgili barınağamızda gerekli tedavi rehabilite sürecini başlatacağımızı çocuklarımıza hayvan sevgisini ve vicdanı aşılamak amacıyla gerekli eğitimleri vereceğimizi kamuoyuna duyururum,False,False,276,3276,0,0,0,1536074683.0,6,3878,321,107355,7169,adana,False
1.16325e+18,bu şerefsizi ormana götünü ver allah ver yapacaksin bakalim atesit mi dinci mi görecek gününü bu insan kılığına girmiş şarlatanlar yuzunden bu dönemi yasayan binlerce çocuktan özür diliyorum cunku bu şerefsizlerin dillerini kesemedigim icin,False,False,0,0,0,0,2,249553482.0,8,2859,249,169,2973,istanbul,True
1.15897e+18,benim tek hiç kim zar ü perişan olmasın ya rab esir i derd i aşk u dağ i hicran olmasın ya rab dem a dem cevrlerdir çekdiğim bi rahm bütlerden bu kafir esiri bir müselman olmasın ya rab fuzuli,False,False,4,47,0,1,0,3244713885.0,4,43994,3334,2719,2967,bartın,True
1.20728e+18,senin ki altımda orospu evladı,False,False,0,0,0,0,2,1.20119e+18,0,25,21,5,63,,True
1.20723e+18,komik şeyler bunlar atı alan üsküdarı geçti bu takımdan bir bok olmayacağı belli ünal bu takımı bir yere getiremez siktir olup gitmedikce izleyip günümü piç edemem sıradan bir anadolu takımı yaptılar bizi 2 senedir bok bok yapamadı yüzsüz herif yapıştı gitmiyor şerefi ile,False,False,0,0,0,0,1,4352524169.0,4,1201,454,470,243,istanbul,True
1.15838e+18,milli eğitim bakanlığı nın rehberlik yönetmeliği ile ilgili açtığı anketi formatına uygun olarak sakıncaları ve önerileri ile düzenledik isteyen arkadaşlarımız yararlanabilirler kopyala yapıştır ile cümlelerde değişiklik yaparak paylaşmanızı öneririz,False,False,11,21,0,0,0,4821941974.0,3,424,84,9659,754,samsun,False
1.15844e+18,alandegişikliğiistiyoruz kısıtlikontenjanadaletsizliktir tüm normlar her branşta açılsın 5 öğretmenlerin sesi olun,False,False,8,2,2,0,4,9.25059e+17,2,412,45,41,1389,hatay,False
1.15939e+18,deprem izmirde olmuş geçmiş olsun amkum irticacıları 1 ay zina diye kafa sike artık,False,False,0,0,0,0,0,1.04057e+18,1,8396,136,136,2538,karabük,True
